taxonRemarks,taxonID,scientificName,vernacularName,language
Flowering plants,http://www.floraislands.is/vaccimyr.html,Vaccinium myrtillus,Aðalbláberjalyng,is
Flowering plants,http://www.floraislands.is/stellgra.html,Stellaria graminea,Akurarfi,is
Flowering plants,http://www.floraislands.is/lamiupur.html,Lamium purpureum,Akurtvítönn,is
Flowering plants,http://www.floraislands.is/lupinnoo.html,Lupinus nootkatensis,Alaskalúpína,is
Flowering plants,http://www.floraislands.is/salixala.html,Salix alaxensis,Alaskavíðir,is
Flowering plants,http://www.floraislands.is/popultri.html,Populus trichocarpa,Alaskaösp,is
Flowering plants,http://www.floraislands.is/subulaqu.html,Subularia aquatica,Alurt,is
Flowering plants,http://www.floraislands.is/mimulgut.html,Mimulus guttatus,Apablóm,is
Flowering plants,http://www.floraislands.is/violaarv.html,Viola arvensis,Arfafjóla,is
Flowering plants,http://www.floraislands.is/erysihie.html,Erysimum strictum,Aronsvöndur,is
Flowering plants,http://www.floraislands.is/euphrfri.html,Euphrasia frigida,Augnfró,is
Flowering plants,http://www.floraislands.is/dactyglo.html,Dactylis glomerata,Axhnoðapuntur,is
Flowering plants,http://www.floraislands.is/luzulspi.html,Luzula spicata,Axhæra,is
Flowering plants,http://www.floraislands.is/stellals.html,Stellaria alsine,Bakkaarfi,is
Flowering plants,http://www.floraislands.is/matrimar.html,Tripleurospermum maritimum,Baldursbrá,is
Flowering plants,http://www.floraislands.is/coelovir.html,Coeloglossum viride,Barnarót,is
Flowering plants,http://www.floraislands.is/lathyjap.html,Lathyrus japonicus,Baunagras,is
Flowering plants,http://www.floraislands.is/calluvul.html,Calluna vulgaris,Beitilyng,is
Flowering plants,http://www.floraislands.is/carpanic.html,Carex panicea,Belgjastör,is
Flowering plants,http://www.floraislands.is/saxifpan.html,Saxifraga paniculata,Bergsteinbrjótur,is
Flowering plants,http://www.floraislands.is/deschber.html,Deschampsia beringensis,Beringspuntur,is
Flowering plants,http://www.floraislands.is/betulpub.html,Betula pubescens,Ilmbjörk,is
Flowering plants,http://www.floraislands.is/violaepi.html,Viola epipsila,Birkifjóla,is
Flowering plants,http://www.floraislands.is/heracman.html,Heracleum mantegazzianum,Bjarnarkló,is
Flowering plants,http://www.floraislands.is/carmarit.html,Carex maritima,Bjúgstör,is
Flowering plants,http://www.floraislands.is/pyrolgra.html,Pyrola grandiflora,Bjöllulilja,is
Flowering plants,http://www.floraislands.is/vacciuli.html,Vaccinium uliginosum,Bláberjalyng,is
Flowering plants,http://www.floraislands.is/geransyl.html,Geranium sylvaticum,Blágresi,is
Flowering plants,http://www.floraislands.is/elymuala.html,Elymus kronokensis subsp. borealis,Bláhveiti,is
Flowering plants,http://www.floraislands.is/camparot.html,Campanula rotundifolia,Bláklukka,is
Flowering plants,http://www.floraislands.is/phyllcoe.html,Phyllodoce caerulea,Bláklukkulyng,is
Flowering plants,http://www.floraislands.is/prunevul.html,Prunella vulgaris,Blákolla,is
Flowering plants,http://www.floraislands.is/mertemar.html,Mertensia maritima,Blálilja,is
Flowering plants,http://www.floraislands.is/lomatrot.html,Lomatogonium rotatum,Blástjarna,is
Flowering plants,http://www.floraislands.is/poaglauc.html,Poa glauca,Blásveifgras,is
Flowering plants,http://www.floraislands.is/seslealb.html,Sesleria albicans,Blátoppa,is
Flowering plants,http://www.floraislands.is/carcurta.html,Carex canescens,Blátoppastör,is
Flowering plants,http://www.floraislands.is/festuviv.html,Festuca vivipara,Blávingull,is
Flowering plants,http://www.floraislands.is/hierastc.html,Hieracium stictophyllum,Blettafífill,is
Flowering plants,http://www.floraislands.is/polygavi.html,Polygonum aviculare,Blóðarfi,is
Flowering plants,http://www.floraislands.is/thymupra.html,Thymus praecox subsp. arcticus,Blóðberg,is
Flowering plants,http://www.floraislands.is/sanguoff.html,Sanguisorba officinalis,Blóðkollur,is
Flowering plants,http://www.floraislands.is/junctrig.html,Juncus triglumis,Blómsef,is
Flowering plants,http://www.floraislands.is/popultre.html,Populus tremula,Blæösp,is
Flowering plants,http://www.floraislands.is/potamnat.html,Potamogeton natans,Blöðkunykra,is
Flowering plants,http://www.floraislands.is/utricmin.html,Utricularia minor,Blöðrujurt,is
Flowering plants,http://www.floraislands.is/luzularc.html,Luzula arcuata,Boghæra,is
Flowering plants,http://www.floraislands.is/alchegla.html,Alchemilla glabra,Brekkumaríustakkur,is
Flowering plants,http://www.floraislands.is/urticdio.html,Urtica dioica,Brenninetla,is
Flowering plants,http://www.floraislands.is/ranunacr.html,Ranunculus acris,Brennisóley,is
Flowering plants,http://www.floraislands.is/thalialp.html,Thalictrum alpinum,Brjóstagras,is
Flowering plants,http://www.floraislands.is/carmicro.html,Carex microglochin,Broddastör,is
Flowering plants,http://www.floraislands.is/saginsub.html,Sagina subulata,Broddkrækill,is
Flowering plants,http://www.floraislands.is/dactymac.html,Dactylorhiza maculata,Brönugrös,is
Flowering plants,http://www.floraislands.is/deschfle.html,Avenella flexuosa,Bugðupuntur,is
Flowering plants,http://www.floraislands.is/rhodiros.html,Rhodiola rosea,Burnirót,is
Flowering plants,http://www.floraislands.is/silendio.html,Silene dioica,Dagstjarna,is
Flowering plants,http://www.floraislands.is/avenupub.html,Avenula pubescens,Dúnhafri,is
Flowering plants,http://www.floraislands.is/carpilul.html,Carex pilulifera,Dúnhulstrastör,is
Flowering plants,http://www.floraislands.is/leymumol.html,Leymus mollis,Dúnmelur,is
Flowering plants,http://www.floraislands.is/ranunpyg.html,Ranunculus pygmaeus,Dvergsóley,is
Flowering plants,http://www.floraislands.is/saxiften.html,Saxifraga tenuis,Dvergsteinbrjótur,is
Flowering plants,http://www.floraislands.is/carglaci.html,Carex glacialis,Dvergstör,is
Flowering plants,http://www.floraislands.is/nuphapum.html,Nuphar pumila,Smánykurrós,is
Flowering plants,http://www.floraislands.is/gentiniv.html,Gentiana nivalis,Dýragras,is
Flowering plants,http://www.floraislands.is/juncucas.html,Juncus castaneus,Dökkasef,is
Flowering plants,http://www.floraislands.is/luzulsud.html,Luzula sudetica,Dökkhæra,is
Flowering plants,http://www.floraislands.is/limosaqu.html,Limosella aquatica,Efjugras,is
Flowering plants,http://www.floraislands.is/eleocaci.html,Eleocharis acicularis,Efjuskúfur,is
Flowering plants,http://www.floraislands.is/listeova.html,Listera ovata,Eggtvíblaðka,is
Flowering plants,http://www.floraislands.is/junipcom.html,Juniperus communis,Einir,is
Flowering plants,http://www.floraislands.is/melampra.html,"",Engjakambjurt,is
Flowering plants,http://www.floraislands.is/myososco.html,Myosotis scorpioides,Engjamunablóm,is
Flowering plants,http://www.floraislands.is/potenere.html,Potentilla erecta,Engjamura,is
Flowering plants,http://www.floraislands.is/potenpal.html,Comarum palustre,Engjarós,is
Flowering plants,http://www.floraislands.is/gentidet.html,Gentianopsis detonsa,Engjavöndur,is
Flowering plants,http://www.floraislands.is/epilolat.html,Chamerion latifolium,Eyrarrós,is
Flowering plants,http://www.floraislands.is/belliper.html,Bellis perennis,Fagurfífill,is
Flowering plants,http://www.floraislands.is/hieraalp.html,Hieracium alpinum,Fellafífill,is
Flowering plants,http://www.floraislands.is/parisqua.html,Paris quadrifolia,Ferlaufungur,is
Flowering plants,http://www.floraislands.is/digitisc.html,Digitaria ischaemum,Fingragras,is
Flowering plants,http://www.floraislands.is/carnardi.html,Carex nardina,Finnungsstör,is
Flowering plants,http://www.floraislands.is/nardustr.html,Nardus stricta,Finnungur,is
Flowering plants,http://www.floraislands.is/juncuger.html,Juncus gerardi,Fitjasef,is
Flowering plants,http://www.floraislands.is/eleocqui.html,Eleocharis quinqueflora,Fitjaskúfur,is
Flowering plants,http://www.floraislands.is/campauni.html,Campanula uniflora,Fjallabláklukka,is
Flowering plants,http://www.floraislands.is/diapelap.html,Diapensia lapponica,Fjallabrúða,is
Flowering plants,http://www.floraislands.is/veronalp.html,Veronica alpina,Fjalladepla,is
Flowering plants,http://www.floraislands.is/epiloana.html,Epilobium anagallidifolium,Fjalladúnurt,is
Flowering plants,http://www.floraislands.is/phleualp.html,Phleum alpinum,Fjallafoxgras,is
Flowering plants,http://www.floraislands.is/cerasarc.html,Cerastium nigrescens var. laxum,Fjallafræhyrna,is
Flowering plants,http://www.floraislands.is/erigeuni.html,Erigeron uniflorum,Fjallakobbi,is
Flowering plants,http://www.floraislands.is/centamon.html,Centaurea montana,Fjallakornblóm,is
Flowering plants,http://www.floraislands.is/trisespi.html,Trisetum spicatum,Fjallalógresi,is
Flowering plants,http://www.floraislands.is/antenalp.html,Antennaria alpina,Fjallalójurt,is
Flowering plants,http://www.floraislands.is/minuabif.html,Minuartia biflora,Fjallanóra,is
Flowering plants,http://www.floraislands.is/deschalp.html,Deschampsia alpina,Fjallapuntur,is
Flowering plants,http://www.floraislands.is/sibbapro.html,Sibbaldia procumbens,Fjallasmári,is
Flowering plants,http://www.floraislands.is/carnorve.html,Carex norvegica,Fjallastör,is
Flowering plants,http://www.floraislands.is/poaalpin.html,Poa alpina,Fjallasveifgras,is
Flowering plants,http://www.floraislands.is/salixarc.html,Salix arctica,Fjallavíðir,is
Flowering plants,http://www.floraislands.is/drabaalp.html,Draba oxycarpa,Fjallavorblóm,is
Flowering plants,http://www.floraislands.is/geumriva.html,Geum rivale,Fjalldalafífill,is
Flowering plants,http://www.floraislands.is/betulnan.html,Betula nana,Fjalldrapi,is
Flowering plants,http://www.floraislands.is/luzulcon.html,Luzula confusa,Fjallhæra,is
Flowering plants,http://www.floraislands.is/sagincae.html,Sagina caespitosa,Fjallkrækill,is
Flowering plants,http://www.floraislands.is/potamalp.html,Potamogeton alpinus,Fjallnykra,is
Flowering plants,http://www.floraislands.is/omalonor.html,Omalotheca norvegica,Fjandafæla,is
Flowering plants,http://www.floraislands.is/honckpep.html,Honckenya peploides,Fjöruarfi,is
Flowering plants,http://www.floraislands.is/cakilarc.html,Cakile maritima subsp. islandica,Fjörukál,is
Flowering plants,http://www.floraislands.is/sedumvil.html,Sedum villosum,Flagahnoðri,is
Flowering plants,http://www.floraislands.is/juncubig.html,Juncus biglumis,Flagasef,is
Flowering plants,http://www.floraislands.is/ranurept.html,Ranunculus reptans,Flagasóley,is
Flowering plants,http://www.floraislands.is/centatri.html,Centaurea triumfetti,Flauelskornblóm,is
Flowering plants,http://www.floraislands.is/persimac.html,Persicaria maculosa,Flóajurt,is
Flowering plants,http://www.floraislands.is/carlimos.html,Carex limosa,Flóastör,is
Flowering plants,http://www.floraislands.is/glyceflu.html,Glyceria fluitans,Flóðapuntur,is
Flowering plants,http://www.floraislands.is/hipputet.html,Hippuris tetraphylla,Flæðalófótur,is
Flowering plants,http://www.floraislands.is/spergsal.html,Spergularia salina,Flæðarbúi,is
Flowering plants,http://www.floraislands.is/carsubsp.html,Carex supspathacea,Flæðastör,is
Flowering plants,http://www.floraislands.is/leucavul.html,Leucanthemum vulgare,Freyjubrá,is
Flowering plants,http://www.floraislands.is/platahyp.html,Platanthera hyperborea,Friggjargras,is
Flowering plants,http://www.floraislands.is/lathypra.html,Lathyrus pratensis,Fuglaertur,is
Flowering plants,http://www.floraislands.is/carlivid.html,Carex livida,Fölvastör,is
Flowering plants,http://www.floraislands.is/barbavul.html,Barbarea vulgaris,Garðableikja,is
Flowering plants,http://www.floraislands.is/valeroff.html,Valeriana officinalis,Garðabrúða,is
Flowering plants,http://www.floraislands.is/galeotet.html,Galeopsis tetrahit,Garðahjálmgras,is
Flowering plants,http://www.floraislands.is/lupinper.html,Lupinus polyphyllus,Garðalúpína,is
Flowering plants,http://www.floraislands.is/alchemol.html,Alchemilla mollis,Garðamaríustakkur,is
Flowering plants,http://www.floraislands.is/papavnud.html,Papaver croceum,Garðasól,is
Flowering plants,http://www.floraislands.is/aegoppod.html,Aegopodium podagraria,Geitakál,is
Flowering plants,http://www.floraislands.is/angelsyl.html,Angelica sylvestris,Geithvönn,is
Flowering plants,http://www.floraislands.is/armermar.html,Armeria maritima,Geldingahnappur,is
Flowering plants,http://www.floraislands.is/viciasep.html,Vicia sepium,Giljaflækja,is
Flowering plants,http://www.floraislands.is/arrheela.html,Arrhenatherum elatius,Ginhafri,is
Flowering plants,http://www.floraislands.is/myosoarv.html,Myosotis arvensis,Gleym-mér-ei,is
Flowering plants,http://www.floraislands.is/rosaduma.html,Rosa dumalis,Glitrós,is
Flowering plants,http://www.floraislands.is/carpalle.html,Carex pallescens,Gljástör,is
Flowering plants,http://www.floraislands.is/hieraele.html,Hieracium elegantiforme,Glæsifífill,is
Flowering plants,http://www.floraislands.is/potamgra.html,Potamogeton gramineus,Grasnykra,is
Flowering plants,http://www.floraislands.is/omalosyl.html,Omalotheca sylvatica,Grájurt,is
Flowering plants,http://www.floraislands.is/omalosup.html,Omalotheca supina,Grámulla,is
Flowering plants,http://www.floraislands.is/filaguli.html,Gnaphalium uliginosum,Grámygla,is
Flowering plants,http://www.floraislands.is/carflacc.html,Carex flacca,Grástör,is
Flowering plants,http://www.floraislands.is/drabainc.html,Draba incana,Grávorblóm,is
Flowering plants,http://www.floraislands.is/plantmaj.html,Plantago major,Græðisúra,is
Flowering plants,http://www.floraislands.is/orthisec.html,Orthilia secunda,Grænlilja,is
Flowering plants,http://www.floraislands.is/cardemis.html,Carex demissa,Grænstör,is
Flowering plants,http://www.floraislands.is/gentiama.html,Gentianella amarella,Grænvöndur,is
Flowering plants,http://www.floraislands.is/saxifhir.html,Saxifraga hirculus,Gullbrá,is
Flowering plants,http://www.floraislands.is/linarvul.html,Linaria vulgaris,Gullingin,is
Flowering plants,http://www.floraislands.is/anthyvul.html,Anthyllis vulneraria,Gullkollur,is
Flowering plants,http://www.floraislands.is/potencra.html,Potentilla crantzii,Gullmura,is
Flowering plants,http://www.floraislands.is/saxifaiz.html,Saxifraga aizoides,Gullsteinbrjótur,is
Flowering plants,http://www.floraislands.is/carserot.html,Carex serotina,Gullstör,is
Flowering plants,http://www.floraislands.is/gentiaur.html,Gentianella aurea,Gullvöndur,is
Flowering plants,http://www.floraislands.is/galiuver.html,Galium verum,Gulmaðra,is
Flowering plants,http://www.floraislands.is/carlyngb.html,Carex lyngbyei,Gulstör,is
Flowering plants,http://www.floraislands.is/salixphy.html,Salix phylicifolia,Gulvíðir,is
Flowering plants,http://www.floraislands.is/valersam.html,Valeriana sambucifolia,Hagabrúða,is
Flowering plants,http://www.floraislands.is/carpulic.html,Carex pulicaris,Hagastör,is
Flowering plants,http://www.floraislands.is/drabanor.html,Draba norvegica,Hagavorblóm,is
Flowering plants,http://www.floraislands.is/stellmed.html,Stellaria media,Haugarfi,is
Flowering plants,http://www.floraislands.is/calliher.html,Callitriche hermaphroditica,Haustbrúða,is
Flowering plants,http://www.floraislands.is/ericatet.html,Erica tetralix,Haustlyng,is
Flowering plants,http://www.floraislands.is/alopepra.html,Alopecurus pratensis,Háliðagras,is
Flowering plants,http://www.floraislands.is/agroscap.html,Agrostis capillaris,Hálíngresi,is
Flowering plants,http://www.floraislands.is/calamstr.html,Calamagrostis stricta,Hálmgresi,is
Flowering plants,http://www.floraislands.is/veronoff.html,Veronica officinalis,Hárdepla,is
Flowering plants,http://www.floraislands.is/carcapil.html,Carex capillaris,Hárleggjastör,is
Flowering plants,http://www.floraislands.is/poatrivi.html,Poa trivialis,Hásveifgras,is
Flowering plants,http://www.floraislands.is/festupra.html,Schedonorus pratensis,Hávingull,is
Flowering plants,http://www.floraislands.is/epilohor.html,Epilobium hornemannii,Heiðadúnurt,is
Flowering plants,http://www.floraislands.is/carheleo.html,Carex heleonastes,Heiðastör,is
Flowering plants,http://www.floraislands.is/carglare.html,Carex glareosa,Heigulstör,is
Flowering plants,http://www.floraislands.is/sedumacr.html,Sedum acre,Helluhnoðri,is
Flowering plants,http://www.floraislands.is/carrarif.html,Carex rariflora,Hengistör,is
Flowering plants,http://www.floraislands.is/danthdec.html,Danthonia decumbens,Knjápuntur,is
Flowering plants,http://www.floraislands.is/drabaniv.html,Draba nivalis,Héluvorblóm,is
Flowering plants,http://www.floraislands.is/poajemtl.html,Poa jemtlandica,Hjallasveifgras,is
Flowering plants,http://www.floraislands.is/crepipal.html,Crepis paludosa,Hjartafífill,is
Flowering plants,http://www.floraislands.is/potamper.html,Potamogeton perfoliatus,Hjartanykra,is
Flowering plants,http://www.floraislands.is/brizamed.html,Briza media,Hjartapuntur,is
Flowering plants,http://www.floraislands.is/capsebur.html,Capsella bursa-pastoris,Hjartarfi,is
Flowering plants,http://www.floraislands.is/listecor.html,Listera cordata,Hjartatvíblaðka,is
Flowering plants,http://www.floraislands.is/pseudalb.html,Pseudorchis straminea,Hjónagras,is
Flowering plants,http://www.floraislands.is/chamosua.html,Lepidotheca suaveolens,Hlaðkolla,is
Flowering plants,http://www.floraislands.is/barbastr.html,Barbarea stricta,Hlíðableikja,is
Flowering plants,http://www.floraislands.is/alchefil.html,Alchemilla filicaulis (incl. var. vestita),Hlíðamaríustakkur,is
Flowering plants,http://www.floraislands.is/carcapit.html,Carex capitata,Hnappstör,is
Flowering plants,http://www.floraislands.is/cerasglo.html,Cerastium glomeratum,Hnoðafræhyrna,is
Flowering plants,http://www.floraislands.is/alcheglo.html,Alchemilla glomerulans,Hnoðamaríustakkur,is
Flowering plants,http://www.floraislands.is/zannipal.html,Zannichellia palustris,Hnotsörvi,is
Flowering plants,http://www.floraislands.is/juncubul.html,Juncus bulbosus,Hnúðsef,is
Flowering plants,http://www.floraislands.is/saginnod.html,Sagina nodosa,Hnúskakrækill,is
Flowering plants,http://www.floraislands.is/dryasoct.html,Dryas octopetala,Holtasóley,is
Flowering plants,http://www.floraislands.is/silenmar.html,Silene maritima,Holurt,is
Flowering plants,http://www.floraislands.is/menyatri.html,Menyanthes trifoliata,Horblaðka,is
Flowering plants,http://www.floraislands.is/tussifar.html,Tussilago farfara,Hóffífill,is
Flowering plants,http://www.floraislands.is/calthpal.html,Caltha palustris,Hófsóley,is
Flowering plants,http://www.floraislands.is/eriopsch.html,Eriophorum scheuchzeri,Hrafnafífa,is
Flowering plants,http://www.floraislands.is/cardanym.html,Cardamine nymanii,Hrafnaklukka,is
Flowering plants,http://www.floraislands.is/carsaxat.html,Carex saxatilis,Hrafnastör,is
Flowering plants,http://www.floraislands.is/saxiffol.html,Saxifraga foliolosa,Hreistursteinbrjótur,is
Flowering plants,http://www.floraislands.is/atripgla.html,Atriplex glabriuscula,Hrímblaðka,is
Flowering plants,http://www.floraislands.is/caradelo.html,Carex adelostoma,Hrísastör,is
Flowering plants,http://www.floraislands.is/petashyb.html,Petasites hybridus,Hrossafífill,is
Flowering plants,http://www.floraislands.is/juncuarc.html,Juncus arcticus subsp. intermedius,Hrossanál,is
Flowering plants,http://www.floraislands.is/rubussax.html,Rubus saxatilis,Hrútaber,is
Flowering plants,http://www.floraislands.is/rumacell.html,Rumex acetosella,Hundasúra,is
Flowering plants,http://www.floraislands.is/elymurep.html,Elytrigia repens,Húsapuntur,is
Flowering plants,http://www.floraislands.is/galiunor.html,Galium normanii,Hvítmaðra,is
Flowering plants,http://www.floraislands.is/triforep.html,Trifolium repens,Hvítsmári,is
Flowering plants,http://www.floraislands.is/carbicol.html,Carex bicolor,Hvítstör,is
Flowering plants,http://www.floraislands.is/campaglo.html,Campanula glomerata,Höfuðklukka,is
Flowering plants,http://www.floraislands.is/sangualb.html,Sanguisorba alpina,Höskollur,is
Flowering plants,http://www.floraislands.is/anthoodo.html,Anthoxanthum odoratum,Ilmreyr,is
Flowering plants,http://www.floraislands.is/carechin.html,Carex echinata,Ígulstör,is
Flowering plants,http://www.floraislands.is/pilosisl.html,Pilosella islandica,Íslandsfífill,is
Flowering plants,http://www.floraislands.is/erigebor.html,Erigeron boreale,Jakobsfífill,is
Flowering plants,http://www.floraislands.is/fragaves.html,Fragaria vesca,Jarðarber,is
Flowering plants,http://www.floraislands.is/cardabel.html,Cardamine bellidifolia,Jöklaklukka,is
Flowering plants,http://www.floraislands.is/ranungla.html,Ranunculus glacialis,Jöklasóley,is
Flowering plants,http://www.floraislands.is/roripisl.html,Rorippa islandica,Kattarjurt,is
Flowering plants,http://www.floraislands.is/plantmar.html,Plantago maritima,Kattartunga,is
Flowering plants,http://www.floraislands.is/carmagel.html,Carex paupercula,Keldustör,is
Flowering plants,http://www.floraislands.is/euphrarc.html,Euphrasia stricta,Kirtilaugnfró,is
Flowering plants,http://www.floraislands.is/myosodis.html,Myosotis discolor,Kisugras,is
Flowering plants,http://www.floraislands.is/elymucan.html,Elymus alopex,Kjarrhveiti,is
Flowering plants,http://www.floraislands.is/poanemor.html,Poa nemoralis,Kjarrsveifgras,is
Flowering plants,http://www.floraislands.is/epilocol.html,Epilobium collinum,Klappadúnurt,is
Flowering plants,http://www.floraislands.is/saxifcot.html,Saxifraga cotyledon,Klettafrú,is
Flowering plants,http://www.floraislands.is/eriopang.html,Eriophorum angustifolium,Klófífa,is
Flowering plants,http://www.floraislands.is/pyrolmin.html,Pyrola minor,Klukkublóm,is
Flowering plants,http://www.floraislands.is/carbuxba.html,Carex buxbaumii,Klumbustör,is
Flowering plants,http://www.floraislands.is/alopegen.html,Alopecurus geniculatus,Knjáliðagras,is
Flowering plants,http://www.floraislands.is/carmaclo.html,Carex macloviana,Kollstör,is
Flowering plants,http://www.floraislands.is/bistoviv.html,Bistorta vivipara,Kornsúra,is
Flowering plants,http://www.floraislands.is/juncubal.html,Juncus balticus,Krakanál,is
Flowering plants,http://www.floraislands.is/egeriden.html,Egeria densa,Kransarfi,is
Flowering plants,http://www.floraislands.is/senecvul.html,Senecio vulgaris,Krossfífill,is
Flowering plants,http://www.floraislands.is/melamsyl.html,Melampyrum sylvaticum,Krossjurt,is
Flowering plants,http://www.floraislands.is/galiubor.html,Galium boreale,Krossmaðra,is
Flowering plants,http://www.floraislands.is/empetnig.html,Empetrum nigrum,Krækilyng,is
Flowering plants,http://www.floraislands.is/coraltri.html,Corallorhiza trifida,Kræklurót,is
Flowering plants,http://www.floraislands.is/carumcar.html,Carum carvi,Kúmen,is
Flowering plants,http://www.floraislands.is/silenaca.html,Silene acaulis,Lambagras,is
Flowering plants,http://www.floraislands.is/cardahir.html,Cardamine hirsuta,Lambaklukka,is
Flowering plants,http://www.floraislands.is/saginsag.html,Sagina saginoides,Langkrækill,is
Flowering plants,http://www.floraislands.is/potampra.html,Potamogeton praelongus,Langnykra,is
Flowering plants,http://www.floraislands.is/callista.html,Callitriche stagnalis,Laugabrúða,is
Flowering plants,http://www.floraislands.is/veronana.html,Veronica anagallis-aquatica,Laugadepla,is
Flowering plants,http://www.floraislands.is/galiuuli.html,Galium uliginosum,Laugamaðra,is
Flowering plants,http://www.floraislands.is/juncuart.html,Juncus articulatus,Laugasef,is
Flowering plants,http://www.floraislands.is/saxifcer.html,Saxifraga cernua,Laukasteinbrjótur,is
Flowering plants,http://www.floraislands.is/stellhum.html,Stellaria humifusa,Lágarfi,is
Flowering plants,http://www.floraislands.is/hippuvut.html,Hippuris lanceolata,Lensulófótur,is
Flowering plants,http://www.floraislands.is/larixsib.html,Larix sibirica,Síberíulerki,is
Flowering plants,http://www.floraislands.is/epiloals.html,Epilobium alsinifolium,Lindadúnurt,is
Flowering plants,http://www.floraislands.is/juncuran.html,Juncus ranarius,Lindasef,is
Flowering plants,http://www.floraislands.is/stellcal.html,Stellaria borealis,Línarfi,is
Flowering plants,http://www.floraislands.is/carbrunn.html,Carex brunnescens,Línstör,is
Flowering plants,http://www.floraislands.is/alchealp.html,Alchemilla alpina,Ljónslappi,is
Flowering plants,http://www.floraislands.is/epilolac.html,Epilobium lactiflorum,Ljósadúnurt,is
Flowering plants,http://www.floraislands.is/andropol.html,Andromeda polifolia,Ljósalyng,is
Flowering plants,http://www.floraislands.is/lamiualb.html,Lamium album,Ljósatvítönn,is
Flowering plants,http://www.floraislands.is/viscaalp.html,Vicaria alpina,Ljósberi,is
Flowering plants,http://www.floraislands.is/holculan.html,Holcus lanatus,Loðgresi,is
Flowering plants,http://www.floraislands.is/salixlan.html,Salix lanata,Loðvíðir,is
Flowering plants,http://www.floraislands.is/rhinamin.html,Rhinanthus minor,Lokasjóður,is
Flowering plants,http://www.floraislands.is/poaflexu.html,Poa flexuosa,Lotsveifgras,is
Flowering plants,http://www.floraislands.is/hippuvul.html,Hippuris vulgaris,Lófótur,is
Flowering plants,http://www.floraislands.is/ruppimar.html,Ruppia cirrhosa,Lónajurt,is
Flowering plants,http://www.floraislands.is/ranuntri.html,Ranunculus confervoides,Lónasóley,is
Flowering plants,http://www.floraislands.is/pinguvul.html,Pinguicula vulgaris,Lyfjagras,is
Flowering plants,http://www.floraislands.is/ajugapyr.html,Ajuga pyramidalis,Lyngbúi,is
Flowering plants,http://www.floraislands.is/callibru.html,Callitriche brutia,Lækjabrúða,is
Flowering plants,http://www.floraislands.is/veronser.html,Veronica serpyllifolia,Lækjadepla,is
Flowering plants,http://www.floraislands.is/cerascer.html,Cerastium cerastoides,Lækjafræhyrna,is
Flowering plants,http://www.floraislands.is/montifon.html,Montia fontana,Lækjagrýta,is
Flowering plants,http://www.floraislands.is/juncubuf.html,Juncus bufonius,Lækjasef,is
Flowering plants,http://www.floraislands.is/saxifriv.html,Saxifraga rivularis,Lækjasteinbrjótur,is
Flowering plants,http://www.floraislands.is/zostemar.html,Zostera angustifolia,Marhálmur,is
Flowering plants,http://www.floraislands.is/primustr.html,Primula stricta,Maríulykill,is
Flowering plants,http://www.floraislands.is/gentiten.html,Comastoma tenellum,Maríuvendlingur,is
Flowering plants,http://www.floraislands.is/genticam.html,Gentianella campestris,Maríuvöndur,is
Flowering plants,http://www.floraislands.is/alchefae.html,Alchemilla faeroensis,Maríuvöttur,is
Flowering plants,http://www.floraislands.is/carsalin.html,Carex ramenskii,Marstör,is
Flowering plants,http://www.floraislands.is/cardapet.html,Arabidopsis petraea,Melablóm,is
Flowering plants,http://www.floraislands.is/minuarub.html,Minuartia rubella,Melanóra,is
Flowering plants,http://www.floraislands.is/papavrad.html,Papaver radicatum,Melasól,is
Flowering plants,http://www.floraislands.is/leymuare.html,Leymus arenarius,Melgresi,is
Flowering plants,http://www.floraislands.is/filipulm.html,Filipendula ulmaria,Mjaðjurt,is
Flowering plants,http://www.floraislands.is/cassihyp.html,Harrimanella hypnoides,Mosalyng,is
Flowering plants,http://www.floraislands.is/saxifhyp.html,Saxifraga hypnoides,Mosasteinbrjótur,is
Flowering plants,http://www.floraislands.is/trisepil.html,Trisetum triflorum,Móalógresi,is
Flowering plants,http://www.floraislands.is/minuastr.html,Minuartia stricta,Móanóra,is
Flowering plants,http://www.floraislands.is/junctrif.html,Juncus trifidus,Móasef,is
Flowering plants,http://www.floraislands.is/carrupes.html,Carex rupestris,Móastör,is
Flowering plants,http://www.floraislands.is/sparghyp.html,Sparganium hyperboreum,Mógrafabrúsi,is
Flowering plants,http://www.floraislands.is/lychnflo.html,Lychnis flos-cuculi,Munkahetta,is
Flowering plants,http://www.floraislands.is/cerasalp.html,Cerastium alpinum,Músareyra,is
Flowering plants,http://www.floraislands.is/vaccimic.html,Vaccinium microcarpus,Mýraberjalyng,is
Flowering plants,http://www.floraislands.is/epilopal.html,Epilobium palustre,Mýradúnurt,is
Flowering plants,http://www.floraislands.is/lathypal.html,Lathyrus palustris,Mýraertur,is
Flowering plants,http://www.floraislands.is/trichcae.html,Trichophorum caespitosum,Mýrafinnungur,is
Flowering plants,http://www.floraislands.is/galiupal.html,Galium palustre,Mýramaðra,is
Flowering plants,http://www.floraislands.is/triglpal.html,Triglochin palustris,Mýrasauðlaukur,is
Flowering plants,http://www.floraislands.is/juncualp.html,Juncus alpinoarticularus,Mýrasef,is
Flowering plants,http://www.floraislands.is/parnapal.html,Parnassia palustris,Mýrasóley,is
Flowering plants,http://www.floraislands.is/carnigra.html,Carex nigra,Mýrastör,is
Flowering plants,http://www.floraislands.is/violapal.html,Viola palustris,Mýrfjóla,is
Flowering plants,http://www.floraislands.is/koeniisl.html,Koenigia islandica,Naflagras,is
Flowering plants,http://www.floraislands.is/rumexlon.html,Rumex longifolius,Njóli,is
Flowering plants,http://www.floraislands.is/oxyridig.html,Oxyria digyna,Ólafssúra,is
Flowering plants,http://www.floraislands.is/cirsihel.html,Cirsium heterophyllum,Purpuraþistill,is
Flowering plants,http://www.floraislands.is/vaccivit.html,Vaccinium vitis-idaea,Rauðberjalyng,is
Flowering plants,http://www.floraislands.is/knautarv.html,Knautia arvensis,Rauðkollur,is
Flowering plants,http://www.floraislands.is/trifopra.html,Trifolium pratense,Rauðsmári,is
Flowering plants,http://www.floraislands.is/carrufin.html,Carex rufina,Rauðstör,is
Flowering plants,http://www.floraislands.is/festurub.html,Festuca rubra,Rauðvingull,is
Flowering plants,http://www.floraislands.is/sorbuauc.html,Sorbus aucuparia,Reynir,is
Flowering plants,http://www.floraislands.is/hieroodo.html,Hierochloë odorata,Reyrgresi,is
Flowering plants,http://www.floraislands.is/carlache.html,Carex lachenalii,Rjúpustör,is
Flowering plants,http://www.floraislands.is/pilosaur.html,Pilosella aurantiaca,Roðafífill,is
Flowering plants,http://www.floraislands.is/cardiand.html,Carex diandra,Safastör,is
Flowering plants,http://www.floraislands.is/bromuine.html,Bromus inermis,Sandfax,is
Flowering plants,http://www.floraislands.is/glauxmar.html,Glaux maritima,Sandlæðingur,is
Flowering plants,http://www.floraislands.is/myosostr.html,Myosotis stricta,Sandmunablóm,is
Flowering plants,http://www.floraislands.is/loisepro.html,Loiseleuria procumbens,Sauðamergur,is
Flowering plants,http://www.floraislands.is/plantlan.html,Plantago lanceolatum,Selgresi,is
Flowering plants,http://www.floraislands.is/salixcap.html,Salix caprea,Selja,is
Flowering plants,http://www.floraislands.is/cardioec.html,Carex dioica,Sérbýlisstör,is
Flowering plants,http://www.floraislands.is/ranunaur.html,Ranunculus auricomus,Sifjarsóley,is
Flowering plants,http://www.floraislands.is/epiloang.html,Chamerion angustifolium,Sigurskúfur,is
Flowering plants,http://www.floraislands.is/achilpta.html,Achillea ptarmica,Silfurhnappur,is
Flowering plants,http://www.floraislands.is/alchewic.html,Alchemilla wichurae,Silfurmaríustakkur,is
Flowering plants,http://www.floraislands.is/piceasit.html,Picea sitchensis,Sitkagreni,is
Flowering plants,http://www.floraislands.is/calliham.html,Callitriche hamulata,Síkjabrúða,is
Flowering plants,http://www.floraislands.is/myrioalt.html,Myriophyllum alterniflorum,Síkjamari,is
Flowering plants,http://www.floraislands.is/puccimar.html,Puccinellia maritima,Sjávarfitjungur,is
Flowering plants,http://www.floraislands.is/trieneur.html,Trientalis europaea,Sjöstjarna,is
Flowering plants,http://www.floraislands.is/saginpro.html,Sagina procumbens,Skammkrækill,is
Flowering plants,http://www.floraislands.is/cochloff.html,Cochlearia officinalis,Skarfakál,is
Flowering plants,http://www.floraislands.is/leontaut.html,Leontodon autumnale,Skarifífill,is
Flowering plants,http://www.floraislands.is/arenanor.html,Arenaria norvegica,Skeggsandi,is
Flowering plants,http://www.floraislands.is/potenege.html,Potentilla egedii,Skeljamura,is
Flowering plants,http://www.floraislands.is/cornusue.html,Cornus suecica,Skollaber,is
Flowering plants,http://www.floraislands.is/anthrsyl.html,Anthriscus sylvestris,Skógarkerfill,is
Flowering plants,http://www.floraislands.is/trifomed.html,Trifolium medium,Skógarsmári,is
Flowering plants,http://www.floraislands.is/anemonem.html,Anemone nemorosa,Skógarsóley,is
Flowering plants,http://www.floraislands.is/violariv.html,Viola riviniana,Skógfjóla,is
Flowering plants,http://www.floraislands.is/miliueff.html,Milium effusum,Skrautpuntur,is
Flowering plants,http://www.floraislands.is/veronscu.html,Veronica scutellata,Skriðdepla,is
Flowering plants,http://www.floraislands.is/agrossto.html,Agrostis stolonifera,Skriðlíngresi,is
Flowering plants,http://www.floraislands.is/arabialp.html,Arabis alpina,Skriðnablóm,is
Flowering plants,http://www.floraislands.is/ranurepe.html,Ranunculus repens,Skriðsóley,is
Flowering plants,http://www.floraislands.is/carmacke.html,Carex mackenziei,Skriðstör,is
Flowering plants,http://www.floraislands.is/sedumann.html,Sedum annuum,Skriðuhnoðri,is
Flowering plants,http://www.floraislands.is/spergarv.html,Spergula arvensis,Skurfa,is
Flowering plants,http://www.floraislands.is/carvagin.html,Carex vaginata,Slíðrastör,is
Flowering plants,http://www.floraislands.is/urticure.html,Urtica urens,Smánetla,is
Flowering plants,http://www.floraislands.is/bartsalp.html,Bartsia alpina,Smjörgras,is
Flowering plants,http://www.floraislands.is/deschcae.html,Deschampsia cespitosa,Snarrótarpuntur,is
Flowering plants,http://www.floraislands.is/erigehum.html,Erigeron humile,Snækobbi,is
Flowering plants,http://www.floraislands.is/saginint.html,Sagina nivalis,Snækrækill,is
Flowering plants,http://www.floraislands.is/phippalg.html,Phippsia algida,Snænarfagras,is
Flowering plants,http://www.floraislands.is/saxifniv.html,Saxifraga nivalis,Snæsteinbrjótur,is
Flowering plants,http://www.floraislands.is/arctouva.html,Arctostaphylos uva-ursi,Sortulyng,is
Flowering plants,http://www.floraislands.is/droserot.html,Drosera rotundifolia,Sóldögg,is
Flowering plants,http://www.floraislands.is/caratrat.html,Carex atrata,Sótstör,is
Flowering plants,http://www.floraislands.is/myrrhodo.html,Myrrhis odorata,Spánarkerfill,is
Flowering plants,http://www.floraislands.is/pinuscon.html,Pinus contorta,Stafafura,is
Flowering plants,http://www.floraislands.is/veronfru.html,Veronica fruticans,Steindepla,is
Flowering plants,http://www.floraislands.is/juncusqu.html,Juncus squarrosus,Stinnasef,is
Flowering plants,http://www.floraislands.is/carbigel.html,Carex bigelowii,Stinnastör,is
Flowering plants,http://www.floraislands.is/stellcra.html,Stellaria crassifolia,Stjörnuarfi,is
Flowering plants,http://www.floraislands.is/saxifste.html,Saxifraga stellaris,Stjörnusteinbrjótur,is
Flowering plants,http://www.floraislands.is/senecpse.html,Senecio pseudo-arnica,Stormþulur,is
Flowering plants,http://www.floraislands.is/triglmar.html,Triglochin maritima,Strandsauðlaukur,is
Flowering plants,http://www.floraislands.is/succipra.html,Succisa pratensis,Stúfa,is
Flowering plants,http://www.floraislands.is/oxaliace.html,Oxalis acetosella,Súrsmæra,is
Flowering plants,http://www.floraislands.is/potamcom.html,Potamogeton compressus,Sverðnykra,is
Flowering plants,http://www.floraislands.is/tofiepus.html,Tofieldia pusilla,Sýkigras,is
Flowering plants,http://www.floraislands.is/ligussco.html,Ligusticum scoticum,Sæhvönn,is
Flowering plants,http://www.floraislands.is/potenans.html,Potentilla anserina,Tágamura,is
Flowering plants,http://www.floraislands.is/persiamp.html,Persicaria amphibia,Tjarnablaðka,is
Flowering plants,http://www.floraislands.is/littouni.html,Littorella uniflora,Tjarnalaukur,is
Flowering plants,http://www.floraislands.is/carrostr.html,Carex rostrata,Tjarnastör,is
Flowering plants,http://www.floraislands.is/saxifros.html,Saxifraga rosacea,Toppasteinbrjótur,is
Flowering plants,http://www.floraislands.is/carkraus.html,Carex krausei,Toppastör,is
Flowering plants,http://www.floraislands.is/ranunhyp.html,Ranunculus hyperboreus,Trefjasóley,is
Flowering plants,http://www.floraislands.is/spargang.html,Sparganium angustifolium,Trjónubrúsi,is
Flowering plants,http://www.floraislands.is/carflava.html,Carex flava,Trjónustör,is
Flowering plants,http://www.floraislands.is/heracper.html,Heracleum persicum,Tröllakló,is
Flowering plants,http://www.floraislands.is/pedicfla.html,Pedicularis flammea,Tröllastakkur,is
Flowering plants,http://www.floraislands.is/taraxspp.html,Taraxacum spp.,Túnfífill,is
Flowering plants,http://www.floraislands.is/trifohyb.html,Trifolium hybridum,Túnsmári,is
Flowering plants,http://www.floraislands.is/rumaceto.html,Rumex acetosa,Túnsúra,is
Flowering plants,http://www.floraislands.is/festuric.html,Festuca richardsonii,Túnvingull,is
Flowering plants,http://www.floraislands.is/violacan.html,Viola canina,Týsfjóla,is
Flowering plants,http://www.floraislands.is/agrosvin.html,Agrostis vinealis,Týtulíngresi,is
Flowering plants,http://www.floraislands.is/viciacra.html,Vicia cracca,Umfeðmingur,is
Flowering plants,http://www.floraislands.is/phleupra.html,Phleum pratense,Vallarfoxgras,is
Flowering plants,http://www.floraislands.is/poaprate.html,Poa pratensis,Vallarsveifgras,is
Flowering plants,http://www.floraislands.is/achilmil.html,Achillea millefolium,Vallhumall,is
Flowering plants,http://www.floraislands.is/luzulmul.html,Luzula multiflora,Vallhæra,is
Flowering plants,http://www.floraislands.is/veronper.html,Veronica persica,Varmadepla,is
Flowering plants,http://www.floraislands.is/puccidis.html,Puccinellia capillaris,Varpafitjungur,is
Flowering plants,http://www.floraislands.is/poaannua.html,Poa annua,Varpasveifgras,is
Flowering plants,http://www.floraislands.is/lamiuamp.html,Lamium amplexicaule,Varpatvítönn,is
Flowering plants,http://www.floraislands.is/myriospi.html,Myriophyllum sibiricum,Vatnamari,is
Flowering plants,http://www.floraislands.is/menthaqu.html,Mentha aquatica,Vatnamynta,is
Flowering plants,http://www.floraislands.is/alopeaeq.html,Alopecurus aequalis,Vatnsliðagras,is
Flowering plants,http://www.floraislands.is/hydrovul.html,Hydrocotyle vulgaris,Vatnsnafli,is
Flowering plants,http://www.floraislands.is/catabaqu.html,Catabrosa aquatica,Vatnsnarfagras,is
Flowering plants,http://www.floraislands.is/eleocpal.html,Eleocharis palustris,Vatnsnál,is
Flowering plants,http://www.floraislands.is/crassaqu.html,Tillaea aquatica,Vatnsögn,is
Flowering plants,http://www.floraislands.is/cerasfon.html,Cerastium fontanum,Vegarfi,is
Flowering plants,http://www.floraislands.is/saxifopp.html,Saxifraga oppositifolia,Vetrarblóm,is
Flowering plants,http://www.floraislands.is/carchord.html,Carrex chordorrhiza,Vetrarkvíðastör,is
Flowering plants,http://www.floraislands.is/salixbor.html,Salix myrsinifolia subsp. borealis,Viðja,is
Flowering plants,http://www.floraislands.is/alliuole.html,Allium oleraceum,Villilaukur,is
Flowering plants,http://www.floraislands.is/linumcat.html,Linum catharticum,Villilín,is
Flowering plants,http://www.floraislands.is/calliver.html,Callitriche palustris,Vorbrúða,is
Flowering plants,http://www.floraislands.is/erophver.html,Draba verna,Vorperla,is
Flowering plants,http://www.floraislands.is/carcaryo.html,Carex caryophyllea,Vorstör,is
Flowering plants,http://www.floraislands.is/epilowat.html,Epilobium ciliatum,Vætudúnurt,is
Flowering plants,http://www.floraislands.is/eleocuni.html,Eleocharis uniglumis,Vætuskúfur,is
Flowering plants,http://www.floraislands.is/veroncha.html,Veronica chamaedrys,Völudepla,is
Flowering plants,http://www.floraislands.is/cirsiarv.html,Cirsium arvense,Þistill,is
Flowering plants,http://www.floraislands.is/potamfil.html,Stuckenia filiformis,Þráðnykra,is
Flowering plants,http://www.floraislands.is/juncufil.html,Juncus filiformis,Þráðsef,is
Flowering plants,http://www.floraislands.is/violatri.html,Viola tricolor,Þrenningarfjóla,is
Flowering plants,http://www.floraislands.is/galiutri.html,Galium trifidum,Þrenningarmaðra,is
Flowering plants,http://www.floraislands.is/kobremyo.html,Kobresia myosuroides,Þursaskegg,is
Flowering plants,http://www.floraislands.is/saxifcae.html,Saxifraga cespitosa,Þúfusteinbrjótur,is
Flowering plants,http://www.floraislands.is/rosapimp.html,Rosa pimpinellifolia,Þyrnirós,is
Flowering plants,http://www.floraislands.is/angelarc.html,Angelica archangelica,Ætihvönn,is
Ferns,http://www.floraislands.is/BURKNAR/isoetech.html,Isoetes echinospora,Álftalaukur,is
Ferns,http://www.floraislands.is/BURKNAR/equisvar.html,Equisetum variegatum,Beitieski,is
Ferns,http://www.floraislands.is/BURKNAR/lycopcla.html,Lycopodium clavatum,Burstajafni,is
Ferns,http://www.floraislands.is/BURKNAR/dryopass.html,Dryopteris expansa,Dílaburkni,is
Ferns,http://www.floraislands.is/BURKNAR/botrysim.html,Botrychium simplex,Dvergtungljurt,is
Ferns,http://www.floraislands.is/BURKNAR/equishye.html,Equisetum hyemale,Eski,is
Ferns,http://www.floraislands.is/BURKNAR/equisflu.html,Equisetum fluviatile,Fergin,is
Ferns,http://www.floraislands.is/BURKNAR/woodsalp.html,Woodsia alpina,Fjallaliðfætla,is
Ferns,http://www.floraislands.is/BURKNAR/athyrfil.html,Athyrium filix-femina,Fjöllaufungur,is
Ferns,http://www.floraislands.is/BURKNAR/cryptcri.html,Cryptogramma crispa,Hlíðaburkni,is
Ferns,http://www.floraislands.is/BURKNAR/botrymin.html,Botrychium minganense,Keilutungljurt,is
Ferns,http://www.floraislands.is/BURKNAR/asplevir.html,Asplenium viride,Klettaburkni,is
Ferns,http://www.floraislands.is/BURKNAR/equisarv.html,Equisetum arvense,Klóelfting,is
Ferns,http://www.floraislands.is/BURKNAR/polypvul.html,Polypodium vulgare,Köldugras,is
Ferns,http://www.floraislands.is/BURKNAR/botrylan.html,Botrychium lanceolatum,Lensutungljurt,is
Ferns,http://www.floraislands.is/BURKNAR/woodsilv.html,Woodsia ilvensis,Liðfætla,is
Ferns,http://www.floraislands.is/BURKNAR/diphaalp.html,Diphasiastrum alpinum,Litunarjafni,is
Ferns,http://www.floraislands.is/BURKNAR/lycopann.html,Lycopodium annotinum,Lyngjafni,is
Ferns,http://www.floraislands.is/BURKNAR/botrybor.html,Botrychium boreale,Mánajurt,is
Ferns,http://www.floraislands.is/BURKNAR/hymenwil.html,Hymenophyllum wilsonii,Mosaburkni,is
Ferns,http://www.floraislands.is/BURKNAR/selagsel.html,Selaginella selaginoides,Mosajafni,is
Ferns,http://www.floraislands.is/BURKNAR/equispal.html,Equisetum palustre,Mýrelfting,is
Ferns,http://www.floraislands.is/BURKNAR/ophioazo.html,Ophioglossum azoricum,Naðurtunga,is
Ferns,http://www.floraislands.is/BURKNAR/asplesep.html,Asplenium septentrionale,Skeggburkni,is
Ferns,http://www.floraislands.is/BURKNAR/polyslon.html,Polystichum lonchitis,Skjaldburkni,is
Ferns,http://www.floraislands.is/BURKNAR/hupersel.html,Huperzia selago,Skollafingur,is
Ferns,http://www.floraislands.is/BURKNAR/blechspi.html,Blechnum spicant,Skollakambur,is
Ferns,http://www.floraislands.is/BURKNAR/botrynor.html,Botrychium nordicum,Skorutungljurt,is
Ferns,http://www.floraislands.is/BURKNAR/equissyl.html,Equisetum sylvaticum,Skógelfting,is
Ferns,http://www.floraislands.is/BURKNAR/dryopfil.html,Dryopteris filix-mas,Stóriburkni,is
Ferns,http://www.floraislands.is/BURKNAR/aspletri.html,Asplenium trichomanes,Svartburkni,is
Ferns,http://www.floraislands.is/BURKNAR/cystofra.html,Cystopteris fragilis,Tófugras,is
Ferns,http://www.floraislands.is/BURKNAR/botrylun.html,Botrychium lunaria,Tungljurt,is
Ferns,http://www.floraislands.is/BURKNAR/equispra.html,Equisetum pratense,Vallelfting,is
Ferns,http://www.floraislands.is/BURKNAR/thelyphe.html,Phegopteris connectilis,Þríhyrnuburkni,is
Ferns,http://www.floraislands.is/BURKNAR/gymnodry.html,Gymnocarpium dryopteris,Þrílaufungur,is
Ferns,http://www.floraislands.is/BURKNAR/athyrdis.html,Athyrium distentifolium,Þúsundblaðarós,is
Mosses,http://www.floraislands.is/MOSAR/encalrha.html,Encalypta rhaptocarpa,Álfaklukka,is
Mosses,http://www.floraislands.is/MOSAR/fontiant.html,Fontinalis antipyretica,Ármosi,is
Mosses,http://www.floraislands.is/MOSAR/bryuimbr.html,Bryum imbricatum,Barðahnokki,is
Mosses,http://www.floraislands.is/MOSAR/bartrith.html,Bartramia ithyphylla,Barðastrý,is
Mosses,http://www.floraislands.is/MOSAR/aulacpal.html,Aulacomnium palustre,Bleikjukollur,is
Mosses,http://www.floraislands.is/MOSAR/sphagter.html,Sphagnum teres,Bleytuburi,is
Mosses,http://www.floraislands.is/MOSAR/aulactur.html,Aulacomnium turgidum,Bústinkollur,is
Mosses,http://www.floraislands.is/MOSAR/grimmaff.html,Grimmia longirostris,Dalaskeggi,is
Mosses,http://www.floraislands.is/MOSAR/preisqua.html,Preissia quadrata,Dröfnumosi,is
Mosses,http://www.floraislands.is/MOSAR/pogonnan.html,Pogonatum nanum,Dverghöttur,is
Mosses,http://www.floraislands.is/MOSAR/philofon.html,Philonotis fontana,Dýjahnappur,is
Mosses,http://www.floraislands.is/MOSAR/kiaersta.html,Kiaeria starkei,Dældahnúskur,is
Mosses,http://www.floraislands.is/MOSAR/rhydesqu.html,Rhytidiadelphus squarrosus,Engjaskraut,is
Mosses,http://www.floraislands.is/MOSAR/philotom.html,Philonotis tomentella,Fjallahnappur,is
Mosses,http://www.floraislands.is/MOSAR/grimmalp.html,Grimmia alpestris,Fjallaskeggi,is
Mosses,http://www.floraislands.is/MOSAR/schismar.html,Schistidium maritimum,Fjörukragi,is
Mosses,http://www.floraislands.is/MOSAR/callecus.html,Calliergonella cuspidata,Geirmosi,is
Mosses,http://www.floraislands.is/MOSAR/isothmyo.html,Isothecium myosuroides,Gjótuskúfur,is
Mosses,http://www.floraislands.is/MOSAR/polytpil.html,Polytrichum piliferum,Gráhaddur,is
Mosses,http://www.floraislands.is/MOSAR/gymmicor.html,Gymnomitrion corallioides,Grákólfur,is
Mosses,http://www.floraislands.is/MOSAR/schiscon.html,Schistidium confertum,Gullinkragi,is
Mosses,http://www.floraislands.is/MOSAR/bracalbi.html,Brachythecium albicans,Götulokkur,is
Mosses,http://www.floraislands.is/MOSAR/timmiaus.html,Timmia austriaca,Hagatoppur,is
Mosses,http://www.floraislands.is/MOSAR/conostet.html,Conostomum tetragonum,Heiðaþófi,is
Mosses,http://www.floraislands.is/MOSAR/antitcur.html,Antitrichia curtipendula,Hraukmosi,is
Mosses,http://www.floraislands.is/MOSAR/racomlan.html,Racomitrium lanuginosum,Hraungambri,is
Mosses,http://www.floraislands.is/MOSAR/grimmtor.html,Grimmia torquata,Hrokkinskeggi,is
Mosses,http://www.floraislands.is/MOSAR/racomcan.html,Racomitrium canescens,Hærugambri,is
Mosses,http://www.floraislands.is/MOSAR/torturur.html,Syntrichia ruralis,Hæruskrúfur,is
Mosses,http://www.floraislands.is/MOSAR/polytjun.html,Polytrichum juniperinum,Jarphaddur,is
Mosses,http://www.floraislands.is/MOSAR/dicrwcri.html,Dicranoweisia crispula,Kármosi,is
Mosses,http://www.floraislands.is/MOSAR/homalser.html,Homalothecium sericeum,Klettaprýði,is
Mosses,http://www.floraislands.is/MOSAR/tortetor.html,Tortella tortuosa,Klettasnyrill,is
Mosses,http://www.floraislands.is/MOSAR/climaden.html,Climacium dendroides,Krónumosi,is
Mosses,http://www.floraislands.is/MOSAR/riccibey.html,Riccia beyrichiana,Lauganistill,is
Mosses,http://www.floraislands.is/MOSAR/kiaerfal.html,Kiaeria falcata,Lautahnúskur,is
Mosses,http://www.floraislands.is/MOSAR/lescurad.html,Lescurea radicosa,Lautaleskja,is
Mosses,http://www.floraislands.is/MOSAR/tomennit.html,Tomenthypnum nitens,Lémosi,is
Mosses,http://www.floraislands.is/MOSAR/mniummag.html,Rhizomnium magnifolium,Lindafaldur,is
Mosses,http://www.floraislands.is/MOSAR/pohliwah.html,Pohlia wahlenbergii,Lindaskart,is
Mosses,http://www.floraislands.is/MOSAR/racomaci.html,Racomitrium aciculare,Lækjagambri,is
Mosses,http://www.floraislands.is/MOSAR/scapaund.html,Scapania undulata,Lækjaleppur,is
Mosses,http://www.floraislands.is/MOSAR/bracrivu.html,Brachythecium rivulare,Lækjalokkur,is
Mosses,http://www.floraislands.is/MOSAR/hypnurev.html,Hypnum revolutum,Melafaxi,is
Mosses,http://www.floraislands.is/MOSAR/racomeri.html,Racomitrium ericoides,Melagambri,is
Mosses,http://www.floraislands.is/MOSAR/drepaunc.html,Sanionia uncinata,Móasigð,is
Mosses,http://www.floraislands.is/MOSAR/ptilicil.html,Ptilidium ciliare,Móatrefja,is
Mosses,http://www.floraislands.is/MOSAR/dreparev.html,Scorpidium revolvens,Mýrakrækja,is
Mosses,http://www.floraislands.is/MOSAR/polytcom.html,Polytrichum commune,Mýrhaddur,is
Mosses,http://www.floraislands.is/MOSAR/sphagwar.html,Sphagnum warnstorfii,Rauðburi,is
Mosses,http://www.floraislands.is/MOSAR/scapauli.html,Scapania uliginosa,Rauðleppur,is
Mosses,http://www.floraislands.is/MOSAR/rhytirug.html,Rhytidium rugosum,Rjúpumosi,is
Mosses,http://www.floraislands.is/MOSAR/rhydetri.html,Rhytidiadelphus triquetrus,Runnaskraut,is
Mosses,http://www.floraislands.is/MOSAR/bryuarge.html,Bryum argenteum,Silfurhnokki,is
Mosses,http://www.floraislands.is/MOSAR/psipylae.html,Psilopilum laevigatum,Skurðaskalli,is
Mosses,http://www.floraislands.is/MOSAR/pogonden.html,Pogonatum dentatum,Skurðhöttur,is
Mosses,http://www.floraislands.is/MOSAR/grimmfun.html,Grimmia funalis,Snúinskeggi,is
Mosses,http://www.floraislands.is/MOSAR/polytsex.html,Polytrichum sexangulare,Snæhaddur,is
Mosses,http://www.floraislands.is/MOSAR/marchpol.html,Marchantia polymorpha,Stjörnumosi,is
Mosses,http://www.floraislands.is/MOSAR/bryoxnor.html,Bryoxiphium norvegicum,Sverðmosi,is
Mosses,http://www.floraislands.is/MOSAR/hylocspl.html,Hylocomnium splendens,Tildurmosi,is
Mosses,http://www.floraislands.is/MOSAR/scorpsco.html,Scorpidium scorpioides,Tjarnakrækja,is
Mosses,http://www.floraislands.is/MOSAR/pohlicru.html,Pohlia cruda,Urðaskart,is
Mosses,http://www.floraislands.is/MOSAR/rhydelor.html,Rhytidiadelphus loreus,Urðaskraut,is
Mosses,http://www.floraislands.is/MOSAR/tortusub.html,Tortula subulata,Urðasnúður,is
Mosses,http://www.floraislands.is/MOSAR/ortricup.html,Orthotrichum cupulatum,Vegghetta,is
Mosses,http://www.floraislands.is/MOSAR/disticap.html,Distichium capillaceum,Þráðmækir,is
Mosses,http://www.floraislands.is/MOSAR/ulotaphy.html,Ulota phyllantha,Ögurmosi,is
Lichens,http://www.floraislands.is/FLETTUR/arctoint.html,Arctomia interfixa,Angalóra,is
Lichens,http://www.floraislands.is/FLETTUR/cladoacu.html,Cladonia acuminata,Alkrókar,is
Lichens,http://www.floraislands.is/FLETTUR/porpisor.html,Porpidia soredizodes,Auðnakarta,is
Lichens,http://www.floraislands.is/FLETTUR/cladochl.html,Cladonia chlorophaea,Álfabikar,is
Lichens,http://www.floraislands.is/FLETTUR/calalcar.html,Caloplaca alcarum,Álkumerla,is
Lichens,http://www.floraislands.is/FLETTUR/gyalefov.html,Gyalecta foveolaris,Bakkafleða,is
Lichens,http://www.floraislands.is/FLETTUR/collebac.html,Enchylium bachmanianum,Barðaslembra,is
Lichens,http://www.floraislands.is/FLETTUR/buellchl.html,Buellia chloroleuca,Barkardoppa,is
Lichens,http://www.floraislands.is/FLETTUR/rinoarch.html,Rinodina archaea,Barkardyrgja,is
Lichens,http://www.floraislands.is/FLETTUR/calholoc.html,Athallia holocarpa,Steinmerla,is
Lichens,http://www.floraislands.is/FLETTUR/psorohyp.html,Psoroma hypnorum,Barmbrydda,is
Lichens,http://www.floraislands.is/FLETTUR/tephratr.html,Tephromela atra,Barmþekja,is
Lichens,http://www.floraislands.is/FLETTUR/epheblan.html,Ephebe lanata,Vætulýja,is
Lichens,http://www.floraislands.is/FLETTUR/cladoama.html,Cladonia amaurocraea,Bikarkrókar,is
Lichens,http://www.floraislands.is/FLETTUR/melansty.html,Melanelia stygia,Bikdumba,is
Lichens,http://www.floraislands.is/FLETTUR/catilcha.html,Catillaria chalybeia,Bikglyðra,is
Lichens,http://www.floraislands.is/FLETTUR/melanexa.html,Melanohalea exasperata,Birkidumba eða birkiskóf,is
Lichens,http://www.floraislands.is/FLETTUR/alectsar.html,Alectoria sarmentosasubsp. vexillifera,Flókakræða,is
Lichens,http://www.floraislands.is/FLETTUR/calborea.html,Caloplaca borealis,Birkimerla,is
Lichens,http://www.floraislands.is/FLETTUR/pertxant.html,Ochrolechia xanthostoma,Birkiskilma,is
Lichens,http://www.floraislands.is/FLETTUR/lecncirc.html,Lecanora circumborealis,Birkitarga,is
Lichens,http://www.floraislands.is/FLETTUR/ramalsil.html,Ramalina siliquosa,Bjargstrý,is
Lichens,http://www.floraislands.is/FLETTUR/dermaint.html,Dermatocarpon miniatumvar. complicatum,Þarmakorpa,is
Lichens,http://www.floraislands.is/FLETTUR/baeompla.html,Baeomyces placophyllus,Blaðmæra,is
Lichens,http://www.floraislands.is/FLETTUR/parmetri.html,Parmeliella triptophylla,Blálurfa,is
Lichens,http://www.floraislands.is/FLETTUR/ionassua.html,Ionaspis suaveolens,Blámara,is
Lichens,http://www.floraislands.is/FLETTUR/placynig.html,Placynthium nigrum,Bláslyðra,is
Lichens,http://www.floraislands.is/FLETTUR/lecdconf.html,Lecidea confluens,Blásnurða,is
Lichens,http://www.floraislands.is/FLETTUR/lecaibae.html,Lecania baeomma,Blástúfa,is
Lichens,http://www.floraislands.is/FLETTUR/cladotra.html,Cladonia trassii,Bleðlabikar,is
Lichens,http://www.floraislands.is/FLETTUR/umbilpol.html,Umbilicaria polyphylla,Bleðlanafli,is
Lichens,http://www.floraislands.is/FLETTUR/pyrenpul.html,Euopsis pulvinata,Bleikfles,is
Lichens,http://www.floraislands.is/FLETTUR/baeomcar.html,Baeomyces carneus,Bleikmæra,is
Lichens,http://www.floraislands.is/FLETTUR/peltinec.html,Peltigera neckeri,Blikskóf,is
Lichens,http://www.floraislands.is/FLETTUR/melaninf.html,Melanohalea infumata,Blikudumba,is
Lichens,http://www.floraislands.is/FLETTUR/amygdpel.html,Amygdalaria pelobotryon,Blikugláma,is
Lichens,http://www.floraislands.is/FLETTUR/lecnrupi.html,Lecanora rupicola,Blýtarga,is
Lichens,http://www.floraislands.is/FLETTUR/cladoisl.html,Cladonia islandica,Brekabroddar,is
Lichens,http://www.floraislands.is/FLETTUR/cladodah.html,Cladonia dahliana,Brekkulauf,is
Lichens,http://www.floraislands.is/FLETTUR/peltiaph.html,Peltigera aphthosa,Flannaskóf,is
Lichens,http://www.floraislands.is/FLETTUR/ochrofri.html,Ochrolechia frigida,Broddskilma,is
Lichens,http://www.floraislands.is/FLETTUR/nephrlae.html,Nephroma laevigatum,Strandhverfa,is
Lichens,http://www.floraislands.is/FLETTUR/massacar.html,Massalongia carnosa,Brúnfliðra,is
Lichens,http://www.floraislands.is/FLETTUR/rhizcbad.html,Rhizocarpon badioatrum,Brúnflikra,is
Lichens,http://www.floraislands.is/FLETTUR/acarover.html,Acarospora veronensis,Brúnkríma,is
Lichens,http://www.floraislands.is/FLETTUR/anaptrun.html,Anaptychia runcinata,Brúnrengla,is
Lichens,http://www.floraislands.is/FLETTUR/lecdpaup.html,Lecidea paupercula,Brúnsnurða,is
Lichens,http://www.floraislands.is/FLETTUR/staurfis.html,Staurothele fissa,Brúnvarta,is
Lichens,http://www.floraislands.is/FLETTUR/sterevan.html,Stereocaulon vanoyei,Búldubreyskja,is
Lichens,http://www.floraislands.is/FLETTUR/candebor.html,Candelariella borealis,Búlduglæta,is
Lichens,http://www.floraislands.is/FLETTUR/xylogabi.html,Xylographa parallela,Bútasprekla,is
Lichens,http://www.floraislands.is/FLETTUR/leptosin.html,Scytinium gelatinosum,Bylgjutjása,is
Lichens,http://www.floraislands.is/FLETTUR/verrudeg.html,Verrucaria degelii,Degelsverta,is
Lichens,http://www.floraislands.is/FLETTUR/trapecoa.html,Trapelia coarctata,Deiglugrotta,is
Lichens,http://www.floraislands.is/FLETTUR/cladotur.html,Cladonia turgida,Digurkrókar,is
Lichens,http://www.floraislands.is/FLETTUR/aspiccae.html,Aspicilia caesiocinerea,Dimmuskorpa,is
Lichens,http://www.floraislands.is/FLETTUR/peltileu.html,Peltigera leucophlebia,Dílaskóf,is
Lichens,http://www.floraislands.is/FLETTUR/sterepas.html,Stereocaulon paschale,Dílbreyskja,is
Lichens,http://www.floraislands.is/FLETTUR/verrustr.html,Wahlenbergiella striatula,Dílsverta,is
Lichens,http://www.floraislands.is/FLETTUR/rinogenn.html,Rinodina gennarii,Drýladyrgja,is
Lichens,http://www.floraislands.is/FLETTUR/sterecap.html,Stereocaulon capitellatum,Drýsilbreyskja,is
Lichens,http://www.floraislands.is/FLETTUR/pertdeal.html,Pertusaria aspergilla,Dröfnuskán,is
Lichens,http://www.floraislands.is/FLETTUR/rhizcesp.html,Rhizocarpon expallescens,Dularflikra,is
Lichens,http://www.floraislands.is/FLETTUR/porpimac.html,Porpidia macrocarpa,Dulinkarta,is
Lichens,http://www.floraislands.is/FLETTUR/multicor.html,Multiclavula corynoides,Torfuhnýfla,is
Lichens,http://www.floraislands.is/FLETTUR/tremoatr.html,Tremolecia atrata,Dvergkarta,is
Lichens,http://www.floraislands.is/FLETTUR/calmicro.html,Flavoplaca microthallina,Dvergmerla,is
Lichens,http://www.floraislands.is/FLETTUR/ochroups.html,Ochrolechia upsaliensis,Dvergskilma,is
Lichens,http://www.floraislands.is/FLETTUR/peltikri.html,Peltigera kristinssonii,Dældaskóf,is
Lichens,http://www.floraislands.is/FLETTUR/cladiste.html,Cladonia stellaris,Eðalkrókar,is
Lichens,http://www.floraislands.is/FLETTUR/pseevfur.html,Pseudevernia furfuracea,Elgshyrna,is
Lichens,http://www.floraislands.is/FLETTUR/peltican.html,Peltigera canina,Engjaskóf,is
Lichens,http://www.floraislands.is/FLETTUR/ionasodo.html,Ionaspis odora,Felumara,is
Lichens,http://www.floraislands.is/FLETTUR/micarter.html,Micarea ternaria,Fernukúpa,is
Lichens,http://www.floraislands.is/FLETTUR/ionasven.html,Ionaspis ventosa,Firnamara,is
Lichens,http://www.floraislands.is/FLETTUR/leciofin.html,Leciophysma finmarkicum,Firnasorta,is
Lichens,http://www.floraislands.is/FLETTUR/cladosti.html,Cladonia stricta,Fjallabikar,is
Lichens,http://www.floraislands.is/FLETTUR/cetraagn.html,Melanelia agnatum,Fjalladumba,is
Lichens,http://www.floraislands.is/FLETTUR/cetraisl.html,Cetraria islandica,Fjallagrös,is
Lichens,http://www.floraislands.is/FLETTUR/allanalp.html,Allantoparmelia alpicola,Fjallahnúta,is
Lichens,http://www.floraislands.is/FLETTUR/micarass.html,Micarea assimilata,Fjallakúpa,is
Lichens,http://www.floraislands.is/FLETTUR/umbilhyp.html,Umbilicaria hyperborea,Fjallanafli,is
Lichens,http://www.floraislands.is/FLETTUR/peltiruf.html,Peltigera rufescens,Fjallaskóf,is
Lichens,http://www.floraislands.is/FLETTUR/tephrtes.html,Calvitimela melaleuca,Fjallaþekja,is
Lichens,http://www.floraislands.is/FLETTUR/sterebot.html,Stereocaulon botryosum,Fjallbreyskja,is
Lichens,http://www.floraislands.is/FLETTUR/mycobtet.html,Mycobilimbia tetramera,Fjarkaduðra,is
Lichens,http://www.floraislands.is/FLETTUR/buellcon.html,Amandinea coniops,Fjörudoppa,is
Lichens,http://www.floraislands.is/FLETTUR/lichicon.html,Lichina confinis,Fjörukregða,is
Lichens,http://www.floraislands.is/FLETTUR/lecaaipo.html,Lecania aipospila,Fjörustúfa,is
Lichens,http://www.floraislands.is/FLETTUR/verrumau.html,Hydropunctaria maura,Fjörusverta,is
Lichens,http://www.floraislands.is/FLETTUR/lecnpoli.html,Lecanora poliophaea,Fjörutarga,is
Lichens,http://www.floraislands.is/FLETTUR/phaeosci.html,Phaeophyscia sciastra,Flagamóra,is
Lichens,http://www.floraislands.is/FLETTUR/steregla.html,Stereocaulon glareosum,Flagbreyskja,is
Lichens,http://www.floraislands.is/FLETTUR/solorbis.html,Solorina bispora,Flaggrýta,is
Lichens,http://www.floraislands.is/FLETTUR/cladoimb.html,Cladonia imbricarica,Flatbikar,is
Lichens,http://www.floraislands.is/FLETTUR/placyfla.html,Placynthium flabellosum,Flatslyðra,is
Lichens,http://www.floraislands.is/FLETTUR/hypogphy.html,Hypogymnia physodes,Flatþemba,is
Lichens,http://www.floraislands.is/FLETTUR/trapepla.html,Trapelia placodioides,Flákagrotta,is
Lichens,http://www.floraislands.is/FLETTUR/bellesub.html,Bellemerea subsorediza,Fleiðruskræpa,is
Lichens,http://www.floraislands.is/FLETTUR/melansub.html,Melanelixia subaurifera,Fleiðurdumba,is
Lichens,http://www.floraislands.is/FLETTUR/amygdcon.html,Amygdalaria consentiens,Flekkugláma,is
Lichens,http://www.floraislands.is/FLETTUR/aspicaqu.html,Aspicilia aquatica,Flúðaskorpa,is
Lichens,http://www.floraislands.is/FLETTUR/cladosca.html,Cladonia scabriuscula,Flösukrókar,is
Lichens,http://www.floraislands.is/FLETTUR/lecioarc.html,Santessoniella arctophila,Freðsnepja,is
Lichens,http://www.floraislands.is/FLETTUR/xanthcan.html,Polycauliana candelaria,Fuglaglæða,is
Lichens,http://www.floraislands.is/FLETTUR/physcdub.html,Physcia dubia,Fuglagráma,is
Lichens,http://www.floraislands.is/FLETTUR/acarosma.html,Myriospora smaragdula,Fölkríma,is
Lichens,http://www.floraislands.is/FLETTUR/porpimel.html,Porpidia melinodes,Fölvakarta,is
Lichens,http://www.floraislands.is/FLETTUR/ochrogri.html,Ochrolechia grimmiae,Gamburskilma,is
Lichens,http://www.floraislands.is/FLETTUR/bryorpse.html,Bryoria implexa,Gálgaskegg,is
Lichens,http://www.floraislands.is/FLETTUR/pharhnim.html,Phaeorrhiza nimbosa,Geislagríma,is
Lichens,http://www.floraislands.is/FLETTUR/umbilpro.html,Umbilicaria proboscidea,Geitanafli,is
Lichens,http://www.floraislands.is/FLETTUR/peltipra.html,Peltigera praetextata,Giljaskóf,is
Lichens,http://www.floraislands.is/FLETTUR/diplogyp.html,Diploschistes gypsaceus,Gipsglompa,is
Lichens,http://www.floraislands.is/FLETTUR/lobarscr.html,Lobaria scrobiculata,Gígnæfra,is
Lichens,http://www.floraislands.is/FLETTUR/acaropel.html,Acarospora peliscypha,Glitkríma,is
Lichens,http://www.floraislands.is/FLETTUR/ionasarc.html,Hymenelia arctica,Glitrumara,is
Lichens,http://www.floraislands.is/FLETTUR/peltipol.html,Peltigera polydactyla,Glitskóf,is
Lichens,http://www.floraislands.is/FLETTUR/melansep.html,Melanohalea septentrionalis,Gljádumba,is
Lichens,http://www.floraislands.is/FLETTUR/vesteela.html,Vestergrenopsis elaeina,Gljúfraglypja,is
Lichens,http://www.floraislands.is/FLETTUR/protbrup.html,Protoblastenia rupestris,Glóðardumla,is
Lichens,http://www.floraislands.is/FLETTUR/solorcro.html,Solorina crocea,Glóðargrýta,is
Lichens,http://www.floraislands.is/FLETTUR/lecdauri.html,Lecidea auriculata,Glærusnurða,is
Lichens,http://www.floraislands.is/FLETTUR/cladovul.html,Cladonia vulcani,Goskrókar,is
Lichens,http://www.floraislands.is/FLETTUR/aspicalp.html,Lobothallia alphoplaca,Grábleðla,is
Lichens,http://www.floraislands.is/FLETTUR/sterealp.html,Stereocaulon alpinum,Grábreyskja,is
Lichens,http://www.floraislands.is/FLETTUR/pannahoo.html,Pannaria hookeri,Grábrydda,is
Lichens,http://www.floraislands.is/FLETTUR/fuscigot.html,Fuscidea gothoburgensis,Gráfleiðra,is
Lichens,http://www.floraislands.is/FLETTUR/cladiran.html,Cladonia rangiferina,Grákrókar,is
Lichens,http://www.floraislands.is/FLETTUR/micarinc.html,Micarea incrassata,Grákúpa,is
Lichens,http://www.floraislands.is/FLETTUR/buellchi.html,Buellia chionea,Grárandardoppa,is
Lichens,http://www.floraislands.is/FLETTUR/aspicine.html,Aspicilia cinerea,Gráskorpa,is
Lichens,http://www.floraislands.is/FLETTUR/lecdlact.html,Lecidea lapicidasubsp. pantherina eða Lecidea lactea,Grásnurða,is
Lichens,http://www.floraislands.is/FLETTUR/foramamb.html,Parmeliopsis ambigua,Gulstika,is
Lichens,http://www.floraislands.is/FLETTUR/verruaet.html,Verrucaria aethiobola,Grásverta,is
Lichens,http://www.floraislands.is/FLETTUR/pertchio.html,Pertusaria chiodectonoides,Grávörtuskán,is
Lichens,http://www.floraislands.is/FLETTUR/cladopyx.html,Cladonia pyxidata,Grjónabikar,is
Lichens,http://www.floraislands.is/FLETTUR/protpbad.html,Protoparmelia badia,Grjótambra,is
Lichens,http://www.floraislands.is/FLETTUR/leclmeio.html,Lecidella meiococca,Grjótflíra,is
Lichens,http://www.floraislands.is/FLETTUR/verrumuc.html,Wahlenbergiella mucosa,Grænsverta,is
Lichens,http://www.floraislands.is/FLETTUR/lecnintr.html,Lecanora intricata,Græntarga,is
Lichens,http://www.floraislands.is/FLETTUR/cladounc.html,Cladonia uncialis,Gulkrókar,is
Lichens,http://www.floraislands.is/FLETTUR/cladolut.html,Cladonia luteoalba,Gullinlauf,is
Lichens,http://www.floraislands.is/FLETTUR/cetrapin.html,Vulpicida pinastri,Gullinvarp,is
Lichens,http://www.floraislands.is/FLETTUR/calflavi.html,Gyalolechia flavovirescens,Gullmerla,is
Lichens,http://www.floraislands.is/FLETTUR/peltihym.html,Peltigera hymenina,Hagaskóf,is
Lichens,http://www.floraislands.is/FLETTUR/umbilapr.html,Umbilicaria aprina,Tindanafli,is
Lichens,http://www.floraislands.is/FLETTUR/bacidbag.html,Bacidia bagliettoana,Heiðamyrja,is
Lichens,http://www.floraislands.is/FLETTUR/xanthsor.html,Rusavskia sorediata,Hellisglæða,is
Lichens,http://www.floraislands.is/FLETTUR/mycobber.html,Mycobilimbia berengeriana,Hettuduðra,is
Lichens,http://www.floraislands.is/FLETTUR/peltimem.html,Peltigera membranacea,Himnuskóf,is
Lichens,http://www.floraislands.is/FLETTUR/physcads.html,Physcia adscendens,Hjálmgráma,is
Lichens,http://www.floraislands.is/FLETTUR/prothsph.html,Protothelenella sphinctrinoides,Hnappskjóða,is
Lichens,http://www.floraislands.is/FLETTUR/parmadis.html,Melanelia disjuncta,Hnúðdumba,is
Lichens,http://www.floraislands.is/FLETTUR/aspicmas.html,Aspicilia mashiginensis,Hnúðskorpa,is
Lichens,http://www.floraislands.is/FLETTUR/nephrexp.html,Nephroma expallidum,Holtahverfa,is
Lichens,http://www.floraislands.is/FLETTUR/peltilep.html,Peltigera lepidophora,Hosuskóf,is
Lichens,http://www.floraislands.is/FLETTUR/colleund.html,Lathagrium undulatumvar. granulosum,Hosuslembra,is
Lichens,http://www.floraislands.is/FLETTUR/steretom.html,Stereocaulon tomentosum,Loðbreyskja,is
Lichens,http://www.floraislands.is/FLETTUR/amygdpan.html,Amygdalaria panaeola,Hraufugláma,is
Lichens,http://www.floraislands.is/FLETTUR/nephrpar.html,Nephroma parile,Hraufuhverfa,is
Lichens,http://www.floraislands.is/FLETTUR/arthrcit.html,Arthrorhaphis citrinella,Hraufuskjóma,is
Lichens,http://www.floraislands.is/FLETTUR/parmasul.html,Parmelia sulcata,Hraufuskóf,is
Lichens,http://www.floraislands.is/FLETTUR/pilopcer.html,Pilophorus cereolus,Hraufustubbar,is
Lichens,http://www.floraislands.is/FLETTUR/stereves.html,Stereocaulon vesuvianum,Hraunbreyskja,is
Lichens,http://www.floraislands.is/FLETTUR/rhizclav.html,Rhizocarpon lavatum,Hraunflikra,is
Lichens,http://www.floraislands.is/FLETTUR/diploscr.html,Diploschistes scruposus,Hraunglompa,is
Lichens,http://www.floraislands.is/FLETTUR/haemaven.html,Ophioparma ventosa,Hraunglyrna,is
Lichens,http://www.floraislands.is/FLETTUR/cladiarb.html,Cladonia arbuscula,Hreindýrakrókar,is
Lichens,http://www.floraislands.is/FLETTUR/cladosqu.html,Cladonia squamosa,Hreisturbikar,is
Lichens,http://www.floraislands.is/FLETTUR/cladobel.html,Cladonia bellidiflora,Hreisturbroddar,is
Lichens,http://www.floraislands.is/FLETTUR/collefla.html,Collema flaccidum,Hreisturslembra,is
Lichens,http://www.floraislands.is/FLETTUR/rhizccon.html,Rhizocarpon petraeum,Hringflikra,is
Lichens,http://www.floraislands.is/FLETTUR/buellalb.html,Diplotomma alboatrum,Hrímdoppa,is
Lichens,http://www.floraislands.is/FLETTUR/toninros.html,Toninia rosulata,Hrímbúlga,is
Lichens,http://www.floraislands.is/FLETTUR/umbildec.html,Umbilicaria decussata,Hrímnafli,is
Lichens,http://www.floraislands.is/FLETTUR/polybthe.html,Henrica theleodes,Hrímstrympa,is
Lichens,http://www.floraislands.is/FLETTUR/megasver.html,Megaspora verrucosa,Hrímvarta,is
Lichens,http://www.floraislands.is/FLETTUR/umbilarc.html,Umbilicaria arctica,Hrossanafli,is
Lichens,http://www.floraislands.is/FLETTUR/collefur.html,Collema furfuracea,Hrukkuslembra,is
Lichens,http://www.floraislands.is/FLETTUR/steretor.html,Stereocaulon tornense,Hrúðurbreyskja,is
Lichens,http://www.floraislands.is/FLETTUR/cladophy.html,Cladonia phyllophora,Huldubikar,is
Lichens,http://www.floraislands.is/FLETTUR/baeomros.html,Dibaeis baeomyces,Hvítmæra,is
Lichens,http://www.floraislands.is/FLETTUR/brigafus.html,Brigantiaea fuscolutea,Hæðakirna,is
Lichens,http://www.floraislands.is/FLETTUR/psoropal.html,Psoroma paleaceum,Hærubrydda,is
Lichens,http://www.floraislands.is/FLETTUR/leptoalb.html,Leptochidium albociliatum,Hærutjása,is
Lichens,http://www.floraislands.is/FLETTUR/gyalegeo.html,Gyalecta geoica,Jarðfleða,is
Lichens,http://www.floraislands.is/FLETTUR/colleten.html,Enchylium tenax,Jarðslembra,is
Lichens,http://www.floraislands.is/FLETTUR/calnival.html,Caloplaca nivalis,Jöklamerla,is
Lichens,http://www.floraislands.is/FLETTUR/cladogla.html,Cladonia glacialis,Jökulkrókar,is
Lichens,http://www.floraislands.is/FLETTUR/rhizcsup.html,Rhizocarpon superficiale,Jötunflikra,is
Lichens,http://www.floraislands.is/FLETTUR/bryorcha.html,Bryoria chalybeiformis,Jötunskegg,is
Lichens,http://www.floraislands.is/FLETTUR/lecdmarg.html,Lecanora marginata,Kalktarga,is
Lichens,http://www.floraislands.is/FLETTUR/leclcarp.html,Lecidella carpathica,Karpataflíra,is
Lichens,http://www.floraislands.is/FLETTUR/miriqgar.html,Miriquidica garovaglii,Kastaníuhryðja,is
Lichens,http://www.floraislands.is/FLETTUR/verrudit.html,Verrucaria ditmarsica,Keilusverta,is
Lichens,http://www.floraislands.is/FLETTUR/protbsie.html,Protoblastenia siebenhaariana,Klappadumla,is
Lichens,http://www.floraislands.is/FLETTUR/physccae.html,Physcia caesia,Klappagráma,is
Lichens,http://www.floraislands.is/FLETTUR/lemphcla.html,Lempholemma cladodes,Klappagroppa,is
Lichens,http://www.floraislands.is/FLETTUR/phaeoend.html,Phaeophyscia endococcina,Klappamóra,is
Lichens,http://www.floraislands.is/FLETTUR/ochropar.html,Ochrolechia parella,Klappaskilma,is
Lichens,http://www.floraislands.is/FLETTUR/collegle.html,Collema glebulentum,Klappaslembra,is
Lichens,http://www.floraislands.is/FLETTUR/aspicmat.html,Aspicilia mastrucata,Klepraskorpa,is
Lichens,http://www.floraislands.is/FLETTUR/cetrahep.html,Melanelia hepatizon,Klettadumba,is
Lichens,http://www.floraislands.is/FLETTUR/xanthele.html,Rusavskia elegans,Klettaglæða,is
Lichens,http://www.floraislands.is/FLETTUR/corninor.html,Cornicularia normoerica,Klettakræða,is
Lichens,http://www.floraislands.is/FLETTUR/sphaefra.html,Sphaerophorus fragilis,Klettakrækla,is
Lichens,http://www.floraislands.is/FLETTUR/pelticol.html,Peltigera collina,Klettaskóf,is
Lichens,http://www.floraislands.is/FLETTUR/ramalsub.html,Ramalina subfarinacea,Klettastrý,is
Lichens,http://www.floraislands.is/FLETTUR/anaptcil.html,Anaptychia ciliaris,Klórengla,is
Lichens,http://www.floraislands.is/FLETTUR/koerbwim.html,Koerberiella wimmeriana,Knattstúfar,is
Lichens,http://www.floraislands.is/FLETTUR/biatocup.html,Biatora cuprea,Kopararða,is
Lichens,http://www.floraislands.is/FLETTUR/psoroten.html,Psoroma tenue var. boreale,Koparbrydda,is
Lichens,http://www.floraislands.is/FLETTUR/arthopun.html,Arthonia punctiformis,Korkríla,is
Lichens,http://www.floraislands.is/FLETTUR/pertcora.html,Pertusaria corallina,Kóralskán,is
Lichens,http://www.floraislands.is/FLETTUR/polybter.html,Sporodictyon terrestris,Kragastrympa,is
Lichens,http://www.floraislands.is/FLETTUR/schaecin.html,Schaereria cinereorufa,Krónudofra,is
Lichens,http://www.floraislands.is/FLETTUR/dermapol.html,Dermatocarpon polyphyllizum,Krumpinkorpa,is
Lichens,http://www.floraislands.is/FLETTUR/calcinna.html,Blastenia ammiospila,Kryddmerla,is
Lichens,http://www.floraislands.is/FLETTUR/lopadpez.html,Lopadium pezizoideum,Kryppluberma,is
Lichens,http://www.floraislands.is/FLETTUR/cetrachl.html,Tuckermannopsis chlorophylla,Krypplugrös,is
Lichens,http://www.floraislands.is/FLETTUR/cladmace.html,Cladonia macroceras,Kryppukrókar,is
Lichens,http://www.floraislands.is/FLETTUR/cetramur.html,Cetraria muricata,Melakræða,is
Lichens,http://www.floraislands.is/FLETTUR/nephrarc.html,Nephroma arcticum,Kuldahverfa,is
Lichens,http://www.floraislands.is/FLETTUR/tephragl.html,Calvitimela aglaea,Kúfþekja,is
Lichens,http://www.floraislands.is/FLETTUR/cetrasep.html,Cetraria sepincola,Kvistagrös,is
Lichens,http://www.floraislands.is/FLETTUR/calcaesio.html,Caloplaca caesiorufella,Kvistamerla,is
Lichens,http://www.floraislands.is/FLETTUR/bryorsim.html,Bryoria simplicior,Kvistaskegg,is
Lichens,http://www.floraislands.is/FLETTUR/lecnboli.html,Lecanora boligera,Kvistatarga,is
Lichens,http://www.floraislands.is/FLETTUR/pertdact.html,Pertusaria dactylina,Kylfuskán,is
Lichens,http://www.floraislands.is/FLETTUR/pilopdov.html,Pilophorus dovrensis,Körtustubbar,is
Lichens,http://www.floraislands.is/FLETTUR/peltidid.html,Peltigera didactyla,Lambaskóf,is
Lichens,http://www.floraislands.is/FLETTUR/rhizcgeo.html,Rhizocarpon geographicum,Landfræðiflikra,is
Lichens,http://www.floraislands.is/FLETTUR/caltorno.html,Caloplaca tornoënsis,Lappamerla,is
Lichens,http://www.floraislands.is/FLETTUR/leptolic.html,Scytinium lichenoides,Larfatjása,is
Lichens,http://www.floraislands.is/FLETTUR/mycoblob.html,Bilimbia lobulata,Laufduðra,is
Lichens,http://www.floraislands.is/FLETTUR/cladoecm.html,Cladonia ecmocyna,Lautabikar,is
Lichens,http://www.floraislands.is/FLETTUR/ochrotar.html,Ochrolechia tartarea,Litunarskilma,is
Lichens,http://www.floraislands.is/FLETTUR/parmaomp.html,Parmelia omphalodes,Litunarskóf,is
Lichens,http://www.floraislands.is/FLETTUR/biatover.html,Biatora subduplex,Ljósarða,is
Lichens,http://www.floraislands.is/FLETTUR/usneasub.html,Usnea subfloridana,Ljósaskegg,is
Lichens,http://www.floraislands.is/FLETTUR/nephrres.html,Nephroma resupinatum,Loðhverfa,is
Lichens,http://www.floraislands.is/FLETTUR/leptosat.html,Leptogium saturninum,Loðtjása,is
Lichens,http://www.floraislands.is/FLETTUR/lecnstra.html,Lecanora straminea,Lundatarga,is
Lichens,http://www.floraislands.is/FLETTUR/lecnargo.html,Lecanora argopholis,Lýsutarga,is
Lichens,http://www.floraislands.is/FLETTUR/rhizccae.html,Rhizocarpon caesium,Lækjaflikra,is
Lichens,http://www.floraislands.is/FLETTUR/placyros.html,Placynthium rosulans,Lækjaslyðra,is
Lichens,http://www.floraislands.is/FLETTUR/cetraniv.html,Flavocetraria nivalis,Maríugrös,is
Lichens,http://www.floraislands.is/FLETTUR/peltimal.html,Peltigera malacea,Mattaskóf,is
Lichens,http://www.floraislands.is/FLETTUR/stereriv.html,Stereocaulon rivulorum,Melbreyskja,is
Lichens,http://www.floraislands.is/FLETTUR/cladofim.html,Cladonia fimbriata,Mélubikar,is
Lichens,http://www.floraislands.is/FLETTUR/ochrolac.html,Varicellaria lactea,Mjólkurskán,is
Lichens,http://www.floraislands.is/FLETTUR/haemaoch.html,Haematomma ochroleucum,Mjölglyrna,is
Lichens,http://www.floraislands.is/FLETTUR/calcitri.html,Caloplaca citrina,Mjölmerla,is
Lichens,http://www.floraislands.is/FLETTUR/arthralp.html,Arthroraphis alpina,Moldarskjóma,is
Lichens,http://www.floraislands.is/FLETTUR/thelemus.html,Thelenella muscorum,Mosadrafna,is
Lichens,http://www.floraislands.is/FLETTUR/mycobhyp.html,Mycobilimbia hypnorum,Mosaduðra,is
Lichens,http://www.floraislands.is/FLETTUR/gyaleulm.html,Gyalecta ulmi,Mosafleða,is
Lichens,http://www.floraislands.is/FLETTUR/lepraneg.html,Lepraria neglecta,Mosafrikja,is
Lichens,http://www.floraislands.is/FLETTUR/diplomus.html,Diploschistes muscorum,Mosaglompa,is
Lichens,http://www.floraislands.is/FLETTUR/lemphmyr.html,Lempholemma polyanthes,Mosagroppa,is
Lichens,http://www.floraislands.is/FLETTUR/polycmus.html,Polychidium muscicola,Mosakrekla,is
Lichens,http://www.floraislands.is/FLETTUR/bryoncas.html,Bryonora castanea,Mosakringla,is
Lichens,http://www.floraislands.is/FLETTUR/bryonrhy.html,Bryodina rhypariza,Mosanóra,is
Lichens,http://www.floraislands.is/FLETTUR/physcmus.html,Physconia muscigena,Mosarætla,is
Lichens,http://www.floraislands.is/FLETTUR/ochroand.html,Ochrolechia androgyna,Mosaskilma,is
Lichens,http://www.floraislands.is/FLETTUR/lecnepib.html,Lecanora epibryon,Mosatarga,is
Lichens,http://www.floraislands.is/FLETTUR/solorsac.html,Solorina saccata,Skútagrýta,is
Lichens,http://www.floraislands.is/FLETTUR/sphaeglo.html,Sphaerophorus globosus,Móakrækla,is
Lichens,http://www.floraislands.is/FLETTUR/hypogaus.html,Hypogymnia austerodes,Móaþemba,is
Lichens,http://www.floraislands.is/FLETTUR/pannapez.html,Protopannaria pezizoides,Móbrydda,is
Lichens,http://www.floraislands.is/FLETTUR/cladofur.html,Cladonia furcata,Mókrókar,is
Lichens,http://www.floraislands.is/FLETTUR/cetradel.html,Cetrariella delisei,Mundagrös,is
Lichens,http://www.floraislands.is/FLETTUR/umbilhir.html,Umbilicaria hirsuta,Músanafli,is
Lichens,http://www.floraislands.is/FLETTUR/bellealp.html,Bellemerea alpina,Mynsturskræpa,is
Lichens,http://www.floraislands.is/FLETTUR/cetracuc.html,Flavocetraria cucullata,Mývatnsgrös,is
Lichens,http://www.floraislands.is/FLETTUR/epilisca.html,Epilichen scabrosus,Mærudoppa,is
Lichens,http://www.floraislands.is/FLETTUR/arthrvac.html,Arthrorhaphis vacillans,Mæruskjóma,is
Lichens,http://www.floraislands.is/FLETTUR/cladocar.html,Cladonia cariosa,Netjubikar,is
Lichens,http://www.floraislands.is/FLETTUR/platigla.html,Platismatia glauca,Næfurskóf,is
Lichens,http://www.floraislands.is/FLETTUR/thamnver.html,Thamnolia vermicularis var. subuliformis,Ormagrös,is
Lichens,http://www.floraislands.is/FLETTUR/fruticae.html,Frutidella caesioatra,Perluvoð,is
Lichens,http://www.floraislands.is/FLETTUR/hypogtub.html,Hypogymnia tubulosa,Pípuþemba,is
Lichens,http://www.floraislands.is/FLETTUR/hypogvit.html,Hypogymnia vittata,Prikþemba,is
Lichens,http://www.floraislands.is/FLETTUR/mycobmic.html,Bilimbia microcarpa,Punktaduðra,is
Lichens,http://www.floraislands.is/FLETTUR/steredep.html,Stereocaulon sp. (depressum)?,Púðabreyskja,is
Lichens,http://www.floraislands.is/FLETTUR/tephrarm.html,Calvitimela armeniaca,Randþekja,is
Lichens,http://www.floraislands.is/FLETTUR/aspicsup.html,Aspicilia supertegens,Randskorpa,is
Lichens,http://www.floraislands.is/FLETTUR/cladmaci.html,Cladonia macilenta,Rauðbroddar,is
Lichens,http://www.floraislands.is/FLETTUR/cladosul.html,Cladonia sulphurina,Raufarbikar,is
Lichens,http://www.floraislands.is/FLETTUR/sporates.html,Sporastatia testudinea,Rákarein,is
Lichens,http://www.floraislands.is/FLETTUR/verruceu.html,Verrucaria ceuthocarpa,Reitsverta,is
Lichens,http://www.floraislands.is/FLETTUR/staurare.html,Staurothele areolata,Reitvarta,is
Lichens,http://www.floraislands.is/FLETTUR/xylogope.html,Xylographa opegraphella,Rekasprekla,is
Lichens,http://www.floraislands.is/FLETTUR/xanthpol.html,Polycauliana polycarpa,Reyniglæða,is
Lichens,http://www.floraislands.is/FLETTUR/psoradec.html,Psora decipiens,Roðaslitra,is
Lichens,http://www.floraislands.is/FLETTUR/rinomnia.html,Rinodina mniaraea,Rústadyrgja,is
Lichens,http://www.floraislands.is/FLETTUR/porpifla.html,Porpidia flavicunda,Ryðkarta,is
Lichens,http://www.floraislands.is/FLETTUR/calcrenu.html,Blastenia crenularia,Ryðmerla,is
Lichens,http://www.floraislands.is/FLETTUR/staurclo.html,Staurothele clopima,Ryðvarta,is
Lichens,http://www.floraislands.is/FLETTUR/umbiltor.html,Umbilicaria torrefacta,Sáldnafli,is
Lichens,http://www.floraislands.is/FLETTUR/psilolep.html,Psilolechia leprosa,Sáldurmuska,is
Lichens,http://www.floraislands.is/FLETTUR/cladoste.html,Cladonia strepsilis,Seltulauf,is
Lichens,http://www.floraislands.is/FLETTUR/lecnheli.html,Lecanora helicopis,Seltutarga,is
Lichens,http://www.floraislands.is/FLETTUR/arthogle.html,Arthonia glebosa,Setríla,is
Lichens,http://www.floraislands.is/FLETTUR/calcaste.html,Pachypeltis castellana,Seyrumerla,is
Lichens,http://www.floraislands.is/FLETTUR/buellins.html,Buellia insignis,Sinudoppa,is
Lichens,http://www.floraislands.is/FLETTUR/pertcori.html,Pertusaria coriacea,Sinuskán,is
Lichens,http://www.floraislands.is/FLETTUR/calscopu.html,Athallia scopularis,Skarfamerla,is
Lichens,http://www.floraislands.is/FLETTUR/cladobor.html,Cladonia borealis,Skarlatbikar,is
Lichens,http://www.floraislands.is/FLETTUR/cladoflo.html,Cladonia floerkeana,Skartbikar,is
Lichens,http://www.floraislands.is/FLETTUR/umbilcyl.html,Umbilicaria cylindrica,Skeggnafli,is
Lichens,http://www.floraislands.is/FLETTUR/placogel.html,Placopsis gelida,Skeljaskóf,is
Lichens,http://www.floraislands.is/FLETTUR/rhexorhe.html,Sagiolechia rhexoblephara,Skerðirönd,is
Lichens,http://www.floraislands.is/FLETTUR/alectoch.html,Alectoria ochroleuca,Skollakræða,is
Lichens,http://www.floraislands.is/FLETTUR/candecor.html,Candelariella coralliza,Skorpuglæta,is
Lichens,http://www.floraislands.is/FLETTUR/cladosuc.html,Cladonia subcervicornis,Skorulauf,is
Lichens,http://www.floraislands.is/FLETTUR/japewsub.html,Japewia subaurifera,Skrámuklúka,is
Lichens,http://www.floraislands.is/FLETTUR/gyalifri.html,Gyalidea fritzei,Skuggafleða,is
Lichens,http://www.floraislands.is/FLETTUR/lecdtess.html,Lecidea tesselata,Skyrsnurða,is
Lichens,http://www.floraislands.is/FLETTUR/candepla.html,Candelariella placodizans,Sliturglæta,is
Lichens,http://www.floraislands.is/FLETTUR/pertocul.html,Pertusaria oculata,Snepaskán,is
Lichens,http://www.floraislands.is/FLETTUR/parmasax.html,Parmelia saxatilis,Snepaskóf,is
Lichens,http://www.floraislands.is/FLETTUR/scoliumb.html,Scoliciosporum umbrinum,Snúingelgja,is
Lichens,http://www.floraislands.is/FLETTUR/cladmaph.html,Cladonia macrophyllodes,Snæbikar,is
Lichens,http://www.floraislands.is/FLETTUR/buellpap.html,Buellia papillata,Snædoppa,is
Lichens,http://www.floraislands.is/FLETTUR/porpispe.html,Porpidia speirea,Snækarta,is
Lichens,http://www.floraislands.is/FLETTUR/brodooro.html,Brodoa oroarctica,Snæþemba,is
Lichens,http://www.floraislands.is/FLETTUR/immerath.html,Immersaria athroocarpa,Sokkinsnurða,is
Lichens,http://www.floraislands.is/FLETTUR/lithgtes.html,Lithographa tesserata,Sortuvör,is
Lichens,http://www.floraislands.is/FLETTUR/catilcon.html,Catillaria contristans,Sótaglyðra,is
Lichens,http://www.floraislands.is/FLETTUR/cystoebe.html,Cystocoleus ebeneus,Sótlýja,is
Lichens,http://www.floraislands.is/FLETTUR/lecdoliv.html,Lecidea olivascens,Sótsnurða,is
Lichens,http://www.floraislands.is/FLETTUR/sterespa.html,Stereocaulon spathuliferum,Spaðabreyskja,is
Lichens,http://www.floraislands.is/FLETTUR/cladocon.html,Cladonia coniocraea,Sprekbroddar,is
Lichens,http://www.floraislands.is/FLETTUR/lecnmura.html,Protoparmeliopsis muralis,Spörvatarga,is
Lichens,http://www.floraislands.is/FLETTUR/cataplac.html,Placidium lachneum,Stallapíra,is
Lichens,http://www.floraislands.is/FLETTUR/lecdlith.html,Lecidea lithophila,Steinsnurða,is
Lichens,http://www.floraislands.is/FLETTUR/candeaur.html,Candelariella aurella,Stéttaglæta,is
Lichens,http://www.floraislands.is/FLETTUR/lecnflot.html,Lecanora flotoviana,Stéttatarga,is
Lichens,http://www.floraislands.is/FLETTUR/lecnzost.html,Lecanora zosterae,Stikiltarga,is
Lichens,http://www.floraislands.is/FLETTUR/physcste.html,Physcia stellaris,Stjörnugráma,is
Lichens,http://www.floraislands.is/FLETTUR/physcter.html,Physcia tenellasubsp. marina,Strandgráma,is
Lichens,http://www.floraislands.is/FLETTUR/cladoran.html,Cladonia rangiformis,Strandkrókar,is
Lichens,http://www.floraislands.is/FLETTUR/calverru.html,Polycauliana verruculifera,Strandmerla,is
Lichens,http://www.floraislands.is/FLETTUR/phaeoorb.html,Phaeophyscia orbicularis,Strandmóra,is
Lichens,http://www.floraislands.is/FLETTUR/lecnacto.html,Lecanora actophila,Strandtarga,is
Lichens,http://www.floraislands.is/FLETTUR/toninsqs.html,Toninia thiospora,Strengbúlga,is
Lichens,http://www.floraislands.is/FLETTUR/endocpul.html,Endocarpon pulvinatum,Strimlaflaga,is
Lichens,http://www.floraislands.is/FLETTUR/cladocri.html,Cladonia crispata,Stríðkrókar,is
Lichens,http://www.floraislands.is/FLETTUR/phaeocon.html,Phaeophyscia constipata,Strípamóra,is
Lichens,http://www.floraislands.is/FLETTUR/porpicru.html,Porpidia crustulata,Strjálkarta,is
Lichens,http://www.floraislands.is/FLETTUR/lecndisp.html,Lecanora dispersa,Strjáltarga,is
Lichens,http://www.floraislands.is/FLETTUR/cladosuu.html,Cladonia subulata,Stúfbikar,is
Lichens,http://www.floraislands.is/FLETTUR/pannapra.html,Fuscopannaria praetermissa,Stúflurfa,is
Lichens,http://www.floraislands.is/FLETTUR/alectnig.html,Alectoria nigricans,Surtarkræða,is
Lichens,http://www.floraislands.is/FLETTUR/solorspo.html,Solorina spongiosa,Svampgrýta,is
Lichens,http://www.floraislands.is/FLETTUR/schadfec.html,Schadonia fecunda,Svarðdella,is
Lichens,http://www.floraislands.is/FLETTUR/leclwulf.html,Lecidella wulfenii,Svarðflíra,is
Lichens,http://www.floraislands.is/FLETTUR/cladosym.html,Cladonia symphycarpa,Svarðlauf,is
Lichens,http://www.floraislands.is/FLETTUR/catapcin.html,Catapyrenium cinereum,Svarðpíra,is
Lichens,http://www.floraislands.is/FLETTUR/thromepi.html,Thrombium epigaeum,Svarðskjóða,is
Lichens,http://www.floraislands.is/FLETTUR/lecdlimo.html,Protomicarea limosa,Svarðsnurða,is
Lichens,http://www.floraislands.is/FLETTUR/toninsed.html,Toninia sedifolia,Syllubúlga,is
Lichens,http://www.floraislands.is/FLETTUR/psorarub.html,Psora rubiformis,Sylluslitra,is
Lichens,http://www.floraislands.is/FLETTUR/calmarin.html,Flavoplaca marina,Sæmerla,is
Lichens,http://www.floraislands.is/FLETTUR/gyalejen.html,Gyalecta jenensis,Takkafleða,is
Lichens,http://www.floraislands.is/FLETTUR/cladocan.html,Cladonia carneola,Tannbikar,is
Lichens,http://www.floraislands.is/FLETTUR/cladocer.html,Cladonia cervicornis,Tildurbikar,is
Lichens,http://www.floraislands.is/FLETTUR/sporapol.html,Sporastatia polyspora,Tíglarein,is
Lichens,http://www.floraislands.is/FLETTUR/schaefus.html,Schaereria fuscocinerea,Tíguldofra,is
Lichens,http://www.floraislands.is/FLETTUR/caltirol.html,Parvoplaca tiroliensis,Tírolamerla,is
Lichens,http://www.floraislands.is/FLETTUR/rinoturf.html,Rinodina turfacea,Toppadyrgja,is
Lichens,http://www.floraislands.is/FLETTUR/candevit.html,Candelariella vitellina,Toppaglæta,is
Lichens,http://www.floraislands.is/FLETTUR/baeomruf.html,Baeomyces rufus,Torfmæra,is
Lichens,http://www.floraislands.is/FLETTUR/cladopoc.html,Cladonia pocillum,Torfubikar,is
Lichens,http://www.floraislands.is/FLETTUR/melanful.html,Melanelixia fuliginosa,Totudumba,is
Lichens,http://www.floraislands.is/FLETTUR/usneasul.html,Neuropogon sphacelatus,Tröllaskegg,is
Lichens,http://www.floraislands.is/FLETTUR/caltetra.html,Bryoplaca tetraspora,Túndrumerla,is
Lichens,http://www.floraislands.is/FLETTUR/collecer.html,Rostania ceranisca,Túndruslembra,is
Lichens,http://www.floraislands.is/FLETTUR/placyasp.html,Placynthium asperellum,Tvennuslyðra,is
Lichens,http://www.floraislands.is/FLETTUR/buelladj.html,Buellia adjuncta,Törgudoppa,is
Lichens,http://www.floraislands.is/FLETTUR/pseeppub.html,Pseudephebe pubescens,Ullarskóf,is
Lichens,http://www.floraislands.is/FLETTUR/porpitub.html,Porpidia tuberculosa,Urðarkarta,is
Lichens,http://www.floraislands.is/FLETTUR/bacidsuf.html,Lecania subfuscula,Varpstúfa,is
Lichens,http://www.floraislands.is/FLETTUR/japewtor.html,Japewia tornoënsis,Vaxklúka,is
Lichens,http://www.floraislands.is/FLETTUR/lecnpoly.html,Lecanora polytropa,Vaxtarga,is
Lichens,http://www.floraislands.is/FLETTUR/xanthpar.html,Xanthoria parietina,Veggjaglæða,is
Lichens,http://www.floraislands.is/FLETTUR/buellpun.html,Amandinea punctata,Viðardoppa,is
Lichens,http://www.floraislands.is/FLETTUR/leclelae.html,Lecidella elaeochroma,Viðarflíra,is
Lichens,http://www.floraislands.is/FLETTUR/micarlig.html,Micarea lignaria,Viðarkúpa,is
Lichens,http://www.floraislands.is/FLETTUR/bryorfus.html,Bryoria fuscescens,Viðarskegg,is
Lichens,http://www.floraislands.is/FLETTUR/sterearc.html,Stereocaulon arcticum,Vikurbreyskja,is
Lichens,http://www.floraislands.is/FLETTUR/pseepmin.html,Pseudephebe minuscula,Voðarskóf,is
Lichens,http://www.floraislands.is/FLETTUR/rhizcdip.html,Rhizocarpon disporum,Vætuflikra,is
Lichens,http://www.floraislands.is/FLETTUR/dermabac.html,Dermatocarpon bachmannii,Vætukorpa,is
Lichens,http://www.floraislands.is/FLETTUR/lecnfrus.html,Lecanora frustulosa,Vætutarga,is
Lichens,http://www.floraislands.is/FLETTUR/rhizcgem.html,Rhizocarpon geminatum,Völuflikra,is
Lichens,http://www.floraislands.is/FLETTUR/micarsuv.html,Micarea paratropa,Völukúpa,is
Lichens,http://www.floraislands.is/FLETTUR/artholap.html,Arthonia lapidicola,Völuríla,is
Lichens,http://www.floraislands.is/FLETTUR/rhiplmel.html,Rhizoplaca melanophthalma,Vörðuflaga,is
Lichens,http://www.floraislands.is/FLETTUR/coccocit.html,Coccotrema citrinescens,Vörtunípa,is
Lichens,http://www.floraislands.is/FLETTUR/calthall.html,Variospora thallincola,Þalmerla,is
Lichens,http://www.floraislands.is/FLETTUR/peltisca.html,Peltigera scabrosa,Þéluskóf,is
Lichens,http://www.floraislands.is/FLETTUR/cladogra.html,Cladonia gracilis,Þúfubikar,is
Lichens,http://www.floraislands.is/FLETTUR/calcerin.html,Caloplaca cerina,Þúfumerla,is
Lichens,http://www.floraislands.is/FLETTUR/buellaet.html,Buellia aethalea,Þyrpidoppa,is
Lichens,http://www.floraislands.is/FLETTUR/peltiven.html,Peltigera venosa,Æðaskóf,is
Fungi,http://www.floraislands.is/SVEPPIR/cortalpi.html,Cortinarius alpinus,Alpaglitnir,is
Fungi,http://www.floraislands.is/SVEPPIR/clitoodo.html,Clitocybe odora,Anístrektla,is
Fungi,http://www.floraislands.is/SVEPPIR/amanimus.html,Amanita muscaria,Berserkur,is
Fungi,http://www.floraislands.is/SVEPPIR/exidirep.html,Exidia repanda,Birkibólstur,is
Fungi,http://www.floraislands.is/SVEPPIR/melambet.html,Melampsoridium betulinum,Birkiryð,is
Fungi,http://www.floraislands.is/SVEPPIR/exobavac.html,Exobasidium vaccinii-uliginosi,Bláberjalyngroði,is
Fungi,http://www.floraislands.is/SVEPPIR/taphrcar.html,Taphrina carnea,Blásturvendill,is
Fungi,http://www.floraislands.is/SVEPPIR/mucilcru.html,Mucilago crustacea,Dritlingur,is
Fungi,http://www.floraislands.is/SVEPPIR/mitrugra.html,Bryoglossum gracile,Dýjafleinn,is
Fungi,http://www.floraislands.is/SVEPPIR/arrhelob.html,Arrhenia lobata,Dýjaleppur,is
Fungi,http://www.floraislands.is/SVEPPIR/coprieph.html,Coprinus ephemeroides,Dægurblekill,is
Fungi,http://www.floraislands.is/SVEPPIR/copripli.html,Coprinus plicatilis,Rifflablekill,is
Fungi,http://www.floraislands.is/SVEPPIR/stemofus.html,Stemonitis fusca,Feyskjustifti,is
Fungi,http://www.floraislands.is/SVEPPIR/scltivah.html,Myriosclerotinia ciborum,Fífustaup,is
Fungi,http://www.floraislands.is/SVEPPIR/onygecor.html,Onygena corvina,Fjaðurhyrna,is
Fungi,http://www.floraislands.is/SVEPPIR/russulque.html,Russula gracillima,Fjóluhnefla,is
Fungi,http://www.floraislands.is/SVEPPIR/ascocsar.html,Ascocoryne sarcoides,Fjóluhnúður,is
Fungi,http://www.floraislands.is/SVEPPIR/claliame.html,Clavulina amethystina,Fjóluvöndur,is
Fungi,http://www.floraislands.is/SVEPPIR/hygcytur.html,Hygrocybe substrangulata,Flagtoppa,is
Fungi,http://www.floraislands.is/SVEPPIR/scutescu.html,Scutellinia patagonica o.fl.,Flagsól,is
Fungi,http://www.floraislands.is/SVEPPIR/calvaexc.html,Calvatia excipuliformis,Fótgíma,is
Fungi,http://www.floraislands.is/SVEPPIR/bovisnig.html,Bovista nigrescens,Sortukúla,is
Fungi,http://www.floraislands.is/SVEPPIR/clavipur.html,Claviceps purpurea,Korndrjóli,is
Fungi,http://www.floraislands.is/SVEPPIR/erysigra.html,Erysiphe graminis,Grasméla,is
Fungi,http://www.floraislands.is/SVEPPIR/typhuinc.html,Typhula incarnata,Graspinni,is
Fungi,http://www.floraislands.is/SVEPPIR/lyophcon.html,Lyophyllum connatum,Gráspyrða,is
Fungi,http://www.floraislands.is/SVEPPIR/amanivag.html,Amanita vaginata,Gráserkur,is
Fungi,http://www.floraislands.is/SVEPPIR/tramehir.html,Trametes ochracea,Gráskeljungur,is
Fungi,http://www.floraislands.is/SVEPPIR/cortcani.html,Cortinarius canus,Grenisilfri,is
Fungi,http://www.floraislands.is/SVEPPIR/hymsccal.html,Hymenoscyphus calyculus,Gullbikarlingur,is
Fungi,http://www.floraislands.is/SVEPPIR/hygcycon.html,Hygrocybe conica,Gulltoppa,is
Fungi,http://www.floraislands.is/SVEPPIR/panaesep.html,Panaeolus semiovatus,Haugbjalli,is
Fungi,http://www.floraislands.is/SVEPPIR/lentilep.html,Lentinus lepideus,Hornleðurhöttur,is
Fungi,http://www.floraislands.is/SVEPPIR/armilmel.html,Armillariella mellea,Hunangssveppur,is
Fungi,http://www.floraislands.is/SVEPPIR/albugcan.html,Albugo candida,Hvítblástur,is
Fungi,http://www.floraislands.is/SVEPPIR/langegig.html,Calvatia gigantea,Jötungíma,is
Fungi,http://www.floraislands.is/SVEPPIR/canthcib.html,Cantharellus cibarius,Kantarella,is
Fungi,http://www.floraislands.is/SVEPPIR/panaeacu.html,Panaeolus acuminatus,Keilubjalli,is
Fungi,http://www.floraislands.is/SVEPPIR/coprogra.html,Cheilymenia granulata,Kornataðbrá,is
Fungi,http://www.floraislands.is/SVEPPIR/puccisep.html,Puccinia septentrionalis,Kornsúrupússryð,is
Fungi,http://www.floraislands.is/SVEPPIR/boletedu.html,Boletus edulis,Kóngssveppur,is
Fungi,http://www.floraislands.is/SVEPPIR/calvacre.html,Calvatia cretacea,Krítgíma,is
Fungi,http://www.floraislands.is/SVEPPIR/crocicor.html,Crocicreas coronatum,Krónubikar,is
Fungi,http://www.floraislands.is/SVEPPIR/leccisca.html,Leccinum scabrum,Kúalubbi,is
Fungi,http://www.floraislands.is/SVEPPIR/sphboste.html,Sphaerobolus stellatus,Kúluverpir,is
Fungi,http://www.floraislands.is/SVEPPIR/typhuunc.html,Typhula uncialis,Kylfupinni,is
Fungi,http://www.floraislands.is/SVEPPIR/rhytisal.html,Rhytisma salicinum,Víðitjörvi,is
Fungi,http://www.floraislands.is/SVEPPIR/suillgre.html,Suillus grevillei,Lerkisúlungur,is
Fungi,http://www.floraislands.is/SVEPPIR/helvecri.html,Helvella crispa,Ljósskupla,is
Fungi,http://www.floraislands.is/SVEPPIR/lactator.html,Lactarius torminosus,Skegglekta,is
Fungi,http://www.floraislands.is/SVEPPIR/telepter.html,Thelephora caryophyllea,Meltuttla,is
Fungi,http://www.floraislands.is/SVEPPIR/lycopmol.html,Lycoperdon molle,Mjúkfísi,is
Fungi,http://www.floraislands.is/SVEPPIR/geopoare.html,Geopora arenicola,Mókoppur,is
Fungi,http://www.floraislands.is/SVEPPIR/anthrcar.html,Anthracoidea liroi,Mýrastararsót,is
Fungi,http://www.floraislands.is/SVEPPIR/suillfla.html,Suillus flavidus,Mýrasúlungur,is
Fungi,http://www.floraislands.is/SVEPPIR/suillbov.html,Suillus bovinus,Nautasúlungur,is
Fungi,http://www.floraislands.is/SVEPPIR/ceripret.html,Ceriporia reticulata,Netskán,is
Fungi,http://www.floraislands.is/SVEPPIR/ustilwar.html,Ustilago warmingii,Njólasót,is
Fungi,http://www.floraislands.is/SVEPPIR/clavafra.html,Clavaria fragilis,Ormkylfa,is
Fungi,http://www.floraislands.is/SVEPPIR/typhuvar.html,Typhula variabilis,Moldpinni,is
Fungi,http://www.floraislands.is/SVEPPIR/chalcpip.html,Chalciporus piperatus,Piparlingur,is
Fungi,http://www.floraislands.is/SVEPPIR/chostpur.html,Chondrostereum purpureum,Purpurakniplingur,is
Fungi,http://www.floraislands.is/SVEPPIR/russunan.html,Russula nana,Reyðihnefla,is
Fungi,http://www.floraislands.is/SVEPPIR/lecciver.html,Leccinum versipelle,Reyðilubbi,is
Fungi,http://www.floraislands.is/SVEPPIR/nectrcin.html,Nectria cinnabarina,Rifsblóðvarta,is
Fungi,http://www.floraislands.is/SVEPPIR/cysdefal.html,Cystoderma fallax,Ryðkornhetta,is
Fungi,http://www.floraislands.is/SVEPPIR/suillvar.html,Suillus variegatus,Sandsúlungur,is
Fungi,http://www.floraislands.is/SVEPPIR/bispocit.html,Bisporella citrina,Sítrónubikarlingur,is
Fungi,http://www.floraislands.is/SVEPPIR/hygcychl.html,Hygrocybe chlorophana,Sítrónutoppa,is
Fungi,http://www.floraislands.is/SVEPPIR/hygcypun.html,Hygrocybe punicea,Skarlattoppa,is
Fungi,http://www.floraislands.is/SVEPPIR/lycobepi.html,Lycogala epidendrum,Skollamjólk,is
Fungi,http://www.floraislands.is/SVEPPIR/stererug.html,Stereum rugosum,Skorpuskinni,is
Fungi,http://www.floraislands.is/SVEPPIR/cermyfru.html,Ceratiomyxa fruticulosa,Slímkóralingur,is
Fungi,http://www.floraislands.is/SVEPPIR/russunor.html,Russula norvegica,Smjörlaufshnefla,is
Fungi,http://www.floraislands.is/SVEPPIR/ompharus.html,Omphalina rustica,Sortunefla,is
Fungi,http://www.floraislands.is/SVEPPIR/cheilste.html,Cheilymenia stercorea,Stjörnutaðbrá,is
Fungi,http://www.floraislands.is/SVEPPIR/helvelac.html,Helvella lacunosa,Svartskupla,is
Fungi,http://www.floraislands.is/SVEPPIR/dacrysti.html,Dacrymyces stillatus,Táradoppa,is
Fungi,http://www.floraislands.is/SVEPPIR/helvealb.html,Helvella albella,Toppskupla,is
Fungi,http://www.floraislands.is/SVEPPIR/agaricam.html,Agaricus campestris,Túnkempa,is
Fungi,http://www.floraislands.is/SVEPPIR/copricom.html,Coprinus comatus,Ullblekill,is
Fungi,http://www.floraislands.is/SVEPPIR/camarpra.html,Camarophyllus pratensis,Vallhnúfa,is
Fungi,http://www.floraislands.is/SVEPPIR/comatnig.html,Comatricha nigra,Viðarstifti,is
Fungi,http://www.floraislands.is/SVEPPIR/puccidra.html,Puccinia drabae,Vorblómapússryð,is
Fungi,http://www.floraislands.is/SVEPPIR/helveque.html,Helvella queletii,Vængskupla,is
Fungi,http://www.floraislands.is/SVEPPIR/coprimar.html,Coprinus martinii,Vætublekill,is
